id,vendor,name,year,memory_type,memory_gb,mem_bw_gb_per_s,hbm_stacks,bf16_dense_tflops,fp8_dense_tflops,fp4_dense_tflops,int8_dense_tops,scaleup_bw_gb_per_s,tdp_w,source_url,notes
amd_mi250x,AMD,Instinct MI250X,2021,HBM2e,128,3200,8,383,,,383,800,500,https://www.amd.com/en/products/accelerators/instinct/mi200/mi250x.html ; https://www.amd.com/content/dam/amd/en/documents/instinct-business-docs/white-papers/amd-cdna2-white-paper.pdf,"Launched Nov 2021. Two GCDs in one OAM package. BF16/INT8 383 are dense (CDNA2 has no sparsity, no FP8). TDP 500W (560W peak). 8192-bit bus. Scale-up: 8 Infinity Fabric links x 100 GB/s = 800 GB/s peak aggregate (whitepaper). The 8 stacks come from the whitepaper block diagram (8 x 1024-bit), not from text."
amd_mi300x,AMD,Instinct MI300X,2023,HBM3,192,5300,8,1307.4,2614.9,,2614.9,896,750,https://www.amd.com/en/products/accelerators/instinct/mi300/mi300x.html ; https://www.amd.com/content/dam/amd/en/documents/instinct-tech-docs/white-papers/amd-cdna-3-white-paper.pdf,"Launched Dec 2023. Dense values (footnote MI300-18); structured sparsity is 2x (BF16 2614.9, FP8/INT8 5229.8). Headline 5.3 TB/s; footnote MI300-05A gives exact 5.325 TB/s (8192b x 5.2 Gbps). 8 stacks x 24GB (whitepaper). TBP 750W. The product page lists 8 IF links x 128 GB/s, but the whitepaper says 7 links form the 8-GPU mesh, so 7x128 = 896."
amd_mi325x,AMD,Instinct MI325X,2024,HBM3e,256,6000,8,1307.4,2614.9,,2614.9,896,1000,https://www.amd.com/en/products/accelerators/instinct/mi300/mi325x.html ; https://www.amd.com/content/dam/amd/en/documents/instinct-tech-docs/product-briefs/instinct-mi325x-datasheet.pdf,Launched Oct 2024. Datasheet dense values; sparse is 2x. 8 stacks x 32GB. Scale-up: 7 x 128 GB/s. TBP 1000W.
amd_mi355x,AMD,Instinct MI355X,2025,HBM3e,288,8000,8,2516.6,5033.2,10066,5033.2,1075.2,1400,https://www.amd.com/en/products/accelerators/instinct/mi350/mi355x.html ; https://www.amd.com/content/dam/amd/en/documents/instinct-tech-docs/product-briefs/amd-instinct-miI355x-platform-brochure.pdf ; https://www.amd.com/content/dam/amd/en/documents/instinct-tech-docs/white-papers/amd-cdna-4-architecture-whitepaper.pdf,"Launched Jun 2025. The product page rounds (BF16 2.5 PF, FP8 5 PF, INT8 5 POPS); exact values are the 8-GPU platform brochure divided by 8. Sparse is 2x. The brochure's OCP-FP8 dense cell (40.5312 PF) looks like a typo for 40.2656. MXFP4/MXFP6 10.1 PF. 8 stacks of 12-Hi HBM3E (CDNA4 whitepaper). Scale-up: 7 x 153.6 GB/s. TBP 1400W (MI350X is the 1000W sibling). FP4 dense = MXFP4 80.5 PFLOPS platform brochure / 8."
apple_m2,Apple,M2 (base),2022,LPDDR5,8,100,,,,,,,,https://www.apple.com/newsroom/2022/06/apple-unveils-m2-with-breakthrough-performance-and-capabilities/,"Apple states 100GB/s unified memory bandwidth and up to 24GB. The newsroom text does not name the DRAM type; LPDDR5 is from WWDC22 keynote and secondary sources. Apple publishes no BF16/FP16 TFLOPS, so blank. Neural Engine 15.8 TOPS (precision unstated). GPU up to 10 cores. No TDP published. Not HBM. memory_gb records the measured 8 GB configuration; Apple publishes configurations up to 24 GB."
intel_gaudi2,Intel,Gaudi 2,2022,HBM2e,96,2450,,432,865,,,600,600,https://www.intel.com/content/www/us/en/developer/articles/technical/habana-gaudi2-processor-for-deep-learning.html ; https://cdrdv2-public.intel.com/817486/gaudi-3-ai-accelerator-white-paper.pdf ; https://www.intel.com/content/www/us/en/content-details/784779/habana-gaudi-2-mezzanine-card-datasheet-hl-225h.html,Launched May 2022. Bandwidth: Intel gives 2.45 TB/s; the Gaudi 3 whitepaper table gives 2.46. BF16/FP8 MME TFLOPS are from the Gaudi 3 whitepaper comparison table (no sparsity on Gaudi). Stack count and INT8 matrix rate not published. Scale-up: 24x100GbE RoCE = 600 GB/s bidirectional (21 ports all-to-all in 8-card board). TDP 600W (HL-225H).
intel_gaudi3,Intel,Gaudi 3 (HL-325L OAM),2024,HBM2e,128,3700,8,1678,1678,,,1200,900,https://cdrdv2-public.intel.com/817486/gaudi-3-ai-accelerator-white-paper.pdf ; https://cdrdv2-public.intel.com/817487/gaudi-3-ai-accelerator-hl-325l-oam-mezzanine-card-product-brief.pdf,"Whitepaper Rev.3 (Jul 2025) gives 1678 TFLOPS BF16/FP8 MME; 2024 launch materials said 1835 (1.8 PF). MME FP16 is only 459 TFLOPS, so BF16 and FP16 differ. 8 x 16GB HBM2e. INT8 matrix rate not published. Scale-up: 24x200GbE = 1200 GB/s bidirectional (21 ports OAM-to-OAM). TDP 900W OAM (PCIe card 600W)."
nvidia_a100_sxm_40gb,NVIDIA,A100 SXM 40GB,2020,HBM2,40,1555,5,312,,,624,600,400,https://www.nvidia.com/content/dam/en-zz/Solutions/Data-Center/a100/pdf/nvidia-a100-datasheet-us-nvidia-1758950-r4-web.pdf ; https://images.nvidia.com/aem-dam/en-zz/Solutions/data-center/nvidia-ampere-architecture-whitepaper.pdf,"Datasheet gives dense | sparse: BF16 312 | 624*, INT8 624 | 1248*. No FP8 on Ampere. Whitepaper: 5 active HBM2 stacks."
nvidia_a100_sxm_80gb,NVIDIA,A100 SXM 80GB,2020,HBM2e,80,2039,,312,,,624,600,400,https://www.nvidia.com/en-us/data-center/a100/ ; https://www.nvidia.com/content/dam/en-zz/Solutions/Data-Center/a100/pdf/nvidia-a100-datasheet-us-nvidia-1758950-r4-web.pdf,"Dense values shown; sparse is 2x. TDP 400W (HGX custom-thermal SKU up to 500W). hbm_stacks is blank because it is not stated for the 80GB part (likely 5, same 5120-bit bus)."
nvidia_a10g,NVIDIA,A10G,2021,GDDR6,24,600,,70,,,140,,300,https://d1.awsstatic.com/product-marketing/ec2/NVIDIA_AWS_A10G_DataSheet_FINAL_02_17_2022.pdf,"No nvidia.com page (AWS-specific part). Source is the co-branded NVIDIA/AWS datasheet on AWS's site. Dense | sparse: BF16 70 | 140*, INT8 140 | 280*. No FP8. PCIe only."
nvidia_b200,NVIDIA,B200 (HGX B200 per GPU),2024,HBM3e,180,8000,,2250,4500,9000,4500,1800,1000,https://www.nvidia.com/en-us/data-center/dgx-b200/ ; https://www.nvidia.com/en-us/data-center/hgx/ ; https://images.nvidia.com/aem-dam/Solutions/documents/HGX-B200-PCF-Summary.pdf,"8-GPU totals divided by 8. HGX lists BF16 36 PF, FP8 72 PF, INT8 72 POPS, all sparse; dense per GPU = 2250/4500/4500. 180GB per GPU is from the PCF summary. Bandwidth: DGX B200 gives 64 TB/s (8000/GPU); the HGX PCF summary gives 62 TB/s (7750/GPU). NVLink5 1.8 TB/s per GPU. TDP: PCF says configurable up to 1000W. HBM stacks not published. FP4 dense 9000 = HGX B200 FP4 72 PFLOPS dense / 8 (https://www.nvidia.com/en-us/data-center/hgx/)."
nvidia_gb200_per_gpu,NVIDIA,GB200 (per Blackwell GPU),2024,HBM3e,186,8000,,2500,5000,10000,5000,1800,,https://www.nvidia.com/en-us/data-center/gb200-nvl72/,"Superchip (1 Grace + 2 GPUs) values divided by 2: 372GB, 16 TB/s, BF16 10 PF, FP8 20 PF, INT8 20 POPS (sparse; the page footnote says dense is 1/2), NVLink 3.6 TB/s. Per-GPU TDP not published. Grace LPDDR5X: up to 480GB at up to 512 GB/s per superchip. HBM stacks not published. FP4 dense 10000 = GB200 NVL72 FP4 1440 PFLOPS sparse / 72 / 2 (dense is half of sparse per page footnote)."
nvidia_gh200_hbm3,NVIDIA,GH200 Grace Hopper (HBM3 96GB),2023,HBM3,96,4000,,990,1979,,1979,,1000,https://dam-cdn.nvd.orangelogic.com/AssetLink/tkno03fa645gb7f33w60rf200d330420.pdf ; https://www.nvidia.com/en-us/data-center/grace-hopper-superchip/,"Datasheet gives sparse | dense explicitly: BF16 1979* | 990, FP8 3958* | 1979, INT8 3958* | 1979. NVLink-C2C 900 GB/s total (450 per direction; CPU-GPU, not scale-up, so scaleup is blank). LPDDR5X up to 480GB; bandwidth up to 384 GB/s (datasheet table) vs up to 500 GB/s (datasheet text/whitepaper). tdp_w is superchip module power, configurable 450-1000W. HBM stacks not published."
nvidia_gh200_hbm3e,NVIDIA,GH200 Grace Hopper (HBM3e 144GB),2023,HBM3e,144,4900,,990,1979,,1979,,1000,https://dam-cdn.nvd.orangelogic.com/AssetLink/tkno03fa645gb7f33w60rf200d330420.pdf ; https://dam-cdn.nvd.orangelogic.com/AssetLink/h125m07nuew832vthbov0q6b2rs8ta0q.pdf,Same compute as the HBM3 variant. Bandwidth up to 4.9 TB/s. NVLink-C2C 900 GB/s total. LPDDR5X up to 480GB at 384-500 GB/s (sources disagree). Module power 450-1000W configurable. Announced Aug 2023.
nvidia_h100_pcie,NVIDIA,H100 PCIe,2022,HBM2e,80,2000,5,756.5,1513,,1513,600,350,https://www.nvidia.com/content/dam/en-zz/Solutions/gtcs22/data-center/h100/PB-11133-001_v01.pdf ; https://e4company.com/wp-content/uploads/nvidia-h100-datasheet-nvidia-us-2287922-web-sep22-partner-r6.pdf,"The product brief (nvidia.com) gives memory, 350W max TDP (300-350 configurable) and the 600 GB/s NVLink bridge. FLOPS come from NVIDIA's datasheet on a partner site (the nvidia.com copy is retired): BF16 1513*, FP8 3026*, INT8 3026* (*sparsity); dense = half. Whitepaper: 5 HBM2e stacks. nvidia.com/h100 now shows H100 NVL (94GB, 3.9 TB/s) instead."
nvidia_h100_sxm,NVIDIA,H100 SXM,2022,HBM3,80,3350,5,989.5,1979,,1979,900,700,https://www.nvidia.com/en-us/data-center/h100/ ; https://www.advancedclustering.com/wp-content/uploads/2022/03/gtc22-whitepaper-hopper.pdf,"Page lists BF16 1979*, FP8 3958*, INT8 3958* (*with sparsity); dense = half. HBM3 and 5 stacks come from the Hopper whitepaper (NVIDIA document, partner-hosted copy). The whitepaper's preliminary 3000 GB/s was superseded by the datasheet's 3350. TDP up to 700W configurable."
nvidia_h200_sxm,NVIDIA,H200 SXM,2023,HBM3e,141,4800,,989.5,1979,,1979,900,700,https://www.nvidia.com/en-us/data-center/h200/,"Datasheet lists BF16 1979, FP8 3958, INT8 3958, all marked with sparsity; dense = half. HBM stack count not published. TDP up to 700W configurable. Announced Nov 2023."
nvidia_l4,NVIDIA,L4,2023,GDDR6,24,300,,121,242.5,,242.5,,72,https://www.nvidia.com/content/dam/en-zz/Solutions/Data-Center/l4/PB-11316-001_v01.pdf,"Datasheet: BF16 242*, FP8 485*, INT8 485* ('*Shown with sparsity. 1/2 lower without'); dense = half. 192-bit GDDR6. PCIe Gen4 x16 only (no NVLink), so scaleup is blank."
nvidia_t4,NVIDIA,T4,2018,GDDR6,16,300,,65,,,130,,70,https://www.nvidia.com/content/dam/en-zz/Solutions/Data-Center/tesla-t4/t4-tensor-core-datasheet-951643.pdf,"Turing has no BF16 or FP8: the 65 is the FP16 mixed-precision Tensor figure (dense; no sparsity on Turing). INT8 130 TOPS. PCIe Gen3 only, no NVLink. Datasheet (verified) says '300 GB/sec'. The theoretical 256-bit x 10 Gbps = 320 GB/s; the official figure is kept."
nvidia_v100_sxm2_32gb,NVIDIA,V100 SXM2 32GB,2018,HBM2,32,900,,125,,,,300,300,https://images.nvidia.com/content/technologies/volta/pdf/volta-v100-datasheet-update-us-1165301-r5.pdf ; https://images.nvidia.com/content/volta-architecture/pdf/volta-architecture-whitepaper.pdf,"Volta has no BF16: the 125 is the FP16 mixed-precision Tensor figure (dense; Volta has no sparsity). No FP8. INT8 tensor TOPS not published. NVLink 300 GB/s. hbm_stacks is blank because the whitepaper states 4 HBM2 stacks only for the 16GB part; the 32GB part likely also has 4 (same 4096-bit bus), but that is not stated."
tpu_v4,Google,TPU v4,2021,HBM2,32,1200,4,275,,,275,300,,https://docs.cloud.google.com/tpu/docs/v4 ; https://arxiv.org/abs/2304.01433,"Doc: 32 GiB (=34.36 GB decimal) HBM2 at 1200 GBps; 275 TFLOPS peak listed as 'bf16 or int8'. The 4 HBM stacks and the ICI figure (6 links x 50 GB/s = 300 GB/s, direction unstated) come from the ISCA'23 paper (arXiv 2304.01433), not the docs page. TDP blank: the paper lists N.A., and the doc gives only measured power (min/mean/max 90/170/192 W). Production 2020; Cloud announcement 2021."
tpu_v5e,Google,TPU v5e,2023,HBM,16,819,,197,,,393,400,,https://docs.cloud.google.com/tpu/docs/v5e ; https://cloud.google.com/blog/products/compute/announcing-cloud-tpu-v5e-and-a3-gpus-in-ga,"Doc lists '800 GiBps'. Strict conversion is 859 GB/s, but v6e's doubled bandwidth (1638 = 2x819.2) implies the intended value is 819 GB/s. HBM generation is not stated by Google. ICI 400 GB/s is bidirectional per chip (4 ports, 2D torus). No FP8 or TDP published. Announced Aug 2023."
tpu_v5p,Google,TPU v5p,2023,HBM,95,2765,,459,459,,918,1200,,https://docs.cloud.google.com/tpu/docs/v5p ; https://cloud.google.com/blog/products/ai-machine-learning/introducing-cloud-tpu-v5p-and-ai-hypercomputer,"Doc: 95 GiB (=102.0 GB decimal) at 2765 GBps. Doc lists FP8 459 = BF16 (no FP8 speedup). INT8 918 TOPS is SECONDARY (The Register 2023-12-06: https://www.theregister.com/2023/12/06/google_unveils_tpu_v5p_pods/) and is not on Google docs. ICI in the doc is 1200 GB/s bidirectional; the blog says 4800 Gbps (=600 GB/s, likely per direction). HBM generation not stated. No TDP published. Announced Dec 2023."
tpu_v6e,Google,TPU v6e (Trillium),2024,HBM,32,1638,,918,,,1836,800,,https://docs.cloud.google.com/tpu/docs/v6e ; https://cloud.google.com/blog/products/compute/introducing-trillium-6th-gen-tpus,Doc: 32 GB at 1638 GBps; 918 TFLOPS bf16; 1836 TOPS int8. ICI 800 GB/s bidirectional (4 ports). HBM generation not stated. No FP8 or TDP published. Announced May 2024; GA Dec 2024.
