id,csp,instance,accelerator_id,accelerator_count,host_mem_gb,scaleout_gbit_per_s,source_url,notes
aws_p5_48xlarge,aws,p5.48xlarge,nvidia_h100_sxm,8,2199.0,3200,https://docs.aws.amazon.com/ec2/latest/instancetypes/ac.html,Published accelerator memory total 640 GiB; host memory published as 2048 GiB; vCPU 192.
aws_p5e_48xlarge,aws,p5e.48xlarge,nvidia_h200_sxm,8,2199.0,3200,https://docs.aws.amazon.com/ec2/latest/instancetypes/ac.html,Published accelerator memory total 1128 GiB; host memory published as 2048 GiB; vCPU 192.
aws_p5en_48xlarge,aws,p5en.48xlarge,nvidia_h200_sxm,8,2199.0,3200,https://docs.aws.amazon.com/ec2/latest/instancetypes/ac.html,Published accelerator memory total 1128 GiB; host memory published as 2048 GiB; vCPU 192.
aws_p6_b200_48xlarge,aws,p6-b200.48xlarge,nvidia_b200,8,2199.0,3200,https://docs.aws.amazon.com/ec2/latest/instancetypes/ac.html,Published accelerator memory total 1432 GiB; host memory published as 2048 GiB; vCPU 192.
aws_p6e_gb200_36xlarge,aws,p6e-gb200.36xlarge,nvidia_gb200_per_gpu,4,1030.8,3200,https://docs.aws.amazon.com/ec2/latest/instancetypes/ac.html,Published accelerator memory total 740 GiB; host memory published as 960 GiB; vCPU 144.
azure_standard_nd128isr_ndr_gb200_v6,azure,Standard_ND128isr_NDR_GB200_v6,nvidia_gb200_per_gpu,4,966.4,1600,https://learn.microsoft.com/en-us/azure/virtual-machines/sizes/gpu-accelerated/nd-gb200-v6-series,Published accelerator memory total 768 GiB(4x192 as published); host memory published as 900 GiB; vCPU 128.
azure_standard_nd96isr_h100_v5,azure,Standard_ND96isr_H100_v5,nvidia_h100_sxm,8,2040.1,3200,https://learn.microsoft.com/en-us/azure/virtual-machines/sizes/gpu-accelerated/ndh100v5-series,Published accelerator memory total 640 GB; host memory published as 1900 GiB; vCPU 96.
azure_standard_nd96isr_mi300x_v5,azure,Standard_ND96isr_MI300X_v5,amd_mi300x,8,1986.4,3200,https://learn.microsoft.com/en-us/azure/virtual-machines/sizes/gpu-accelerated/ndmi300xv5-series,Published accelerator memory total 1535 GB; host memory published as 1850 GiB; vCPU 96.
gcp_a3_highgpu_8g,gcp,a3-highgpu-8g,nvidia_h100_sxm,8,1872.0,1000,https://docs.cloud.google.com/compute/docs/accelerator-optimized-machines,Published accelerator memory total 640 GB; host memory published as 1872 GB; vCPU 208.
gcp_a3_megagpu_8g,gcp,a3-megagpu-8g,nvidia_h100_sxm,8,1872.0,1800,https://docs.cloud.google.com/compute/docs/accelerator-optimized-machines,Published accelerator memory total 640 GB; host memory published as 1872 GB; vCPU 208.
gcp_a3_ultragpu_8g,gcp,a3-ultragpu-8g,nvidia_h200_sxm,8,2952.0,3600,https://docs.cloud.google.com/compute/docs/accelerator-optimized-machines,Published accelerator memory total 1128 GB; host memory published as 2952 GB; vCPU 224.
gcp_a4_highgpu_8g,gcp,a4-highgpu-8g,nvidia_b200,8,3968.0,3600,https://docs.cloud.google.com/compute/docs/accelerator-optimized-machines,Published accelerator memory total 1440 GB; host memory published as 3968 GB; vCPU 224.
gcp_a4x_highgpu_4g,gcp,a4x-highgpu-4g,nvidia_gb200_per_gpu,4,884.0,2000,https://docs.cloud.google.com/compute/docs/accelerator-optimized-machines,Published accelerator memory total 744 GB; host memory published as 884 GB; vCPU 140.
