id,standard,year,interface_bits_per_stack,max_pin_rate_gbit_per_s,peak_bw_per_stack_gb_per_s,channels_per_stack,pseudo_channels_per_stack,max_stack_high,max_capacity_gb_per_stack,source_url,notes
ddr5,DDR5 (JESD79-5C),2020,32,8.8,,,,,,https://www.jedec.org/news/pressreleases/jedec-publishes-new-ddr5-standard-advancing-next-generation-high-performance ; https://www.jedec.org/news/pressreleases/jedec-updates-jesd79-5c-ddr5-sdram-standard-elevating-performance-and-security,32 bits = one DIMM sub-channel (40 with ECC); devices are x4/x8/x16. JESD79-5 published Jul 2020 (4800 launch); JESD79-5C (Apr 2024) extends timings to 8800 MT/s.
gddr6,GDDR6 (JESD250),2017,32,24,,,,,,https://www.jedec.org/standards-documents/docs/jesd250d ; https://semiconductor.samsung.com/dram/gddr/gddr6/,"Per DEVICE, not stack: x16 dual-channel = 32 I/O. 24 Gbps is Samsung's vendor maximum. JEDEC's own max pin rate and the 2017 date not confirmed from a primary source. 24 Gbps x 32 / 8 = 96 GB/s per device (computed)."
gddr7,GDDR7 (JESD239),2024,32,48,,,,,,https://www.jedec.org/news/pressreleases/jedec-publishes-gddr7-graphics-memory-standard,"Per DEVICE. JEDEC PR Mar 5 2024: PAM3, up to 192 GB/s per device, 4 independent channels, 16-32 Gbit densities. 48 Gb/s is derived from 192 GB/s over 32 I/O and is not stated explicitly. Vendor: Samsung 32 Gbps (Oct 2023)."
hbm1,HBM (JESD235),2013,1024,1.0,128,8,,4,1,https://www.jedec.org/standards-documents/docs/jesd235a ; https://www.techpowerup.com/212740/amd-fiji-hbm-implementation-detailed,"SECONDARY: JESD235 adopted Oct 2013; no JEDEC press release with numbers exists and the spec PDF is paywalled (403). 1 Gb/s, 128 GB/s and 4-high 1GB are the first-gen SK hynix/AMD Fiji values. 8 x 128-bit channels. Legacy mode only, so no pseudo-channels."
hbm2,HBM2 (JESD235A),2016,1024,2.0,256,8,16,8,8,https://www.jedec.org/news/pressreleases/jedec-updates-groundbreaking-high-bandwidth-memory-hbm-standard,"JEDEC PR Jan 2016: 2 Gbps/pin, 256 GB/s, 8 x 128-bit channels, 2/4/8-high, 1-8 GB. The PR introduces pseudo-channel mode without a count; 2 per channel (64-bit each) is SECONDARY."
hbm2_jesd235b,HBM2 (JESD235B),2018,1024,2.4,307,8,16,12,24,https://www.jedec.org/news/pressreleases/jedec-updates-groundbreaking-high-bandwidth-memory-hbm-standard-0,"JEDEC PR Dec 2018: 2.4 Gbps/pin, 307 GB/s, 8 channels, up to 12-high, 1-24 GB. Pseudo-channel count as in the HBM2 row (secondary)."
hbm2e,HBM2E (JESD235C),2020,1024,3.2,410,8,16,12,24,https://en.wikipedia.org/wiki/High_Bandwidth_Memory ; https://news.skhynix.com/sk-hynix-starts-mass-production-of-high-speed-dram-hbm2e/,"SECONDARY for JEDEC values: JESD235C (Jan 2020) 3.2 Gbps, 409.6 GB/s; no JEDEC PR found. 'HBM2E' is a vendor name, not JEDEC's. Vendor: SK hynix mass production Jul 2020 at 3.6 Gbps, >460 GB/s, 8-high 16GB. JESD235D (Feb 2021) exists; details not verified. Stack height/capacity carried from JESD235B."
hbm3,HBM3 (JESD238),2022,1024,6.4,819,16,32,16,64,https://www.jedec.org/news/pressreleases/jedec-publishes-hbm3-update-high-bandwidth-memory-hbm-standard ; https://www.semiconductor-digest.com/jedec-publishes-hbm3-update-to-high-bandwidth-memory-hbm-standard/,"JEDEC PR Jan 27 2022 (jedec.org returned 403; verbatim text read from the semiconductor-digest mirror): 6.4 Gb/s, 819 GB/s, 16 channels x 2 pseudo-channels. 4/8/12-high defined with provision for 16-high. 8-32Gb layers, 4-64 GB."
hbm3e,HBM3E (vendor extension of HBM3),2023,1024,9.8,1254,,,12,36,https://news.samsung.com/global/samsung-electronics-holds-memory-tech-day-2023-unveiling-new-innovations-to-lead-the-hyperscale-ai-era ; https://news.skhynix.com/en/sk-hynix-begins-volume-production-of-the-world-first-12-layer-hbm3e/ ; https://www.micron.com/products/memory/hbm/hbm3e ; https://semiconductor.samsung.com/dram/hbm/hbm3e-shinebolt/,"No separate JEDEC HBM3E standard; vendor values only. Pin rates: Samsung 9.8 Gbps (Oct 2023), SK hynix 9.6 (12-high 36GB, Sep 2024), Micron >9.2 (>1.2 TB/s, 8H 24GB / 12H 36GB). 1254 = 9.8 x 1024/8 (computed). Samsung's 12H PR claims up to 1280 GB/s, inconsistent with 9.8 Gbps; Samsung product page gives 1180 GB/s at 9.2 Gbps. Channels blank because vendors don't publish them (JESD238 base is 16/32). SK hynix announced 16-high 48GB (Nov 2024); excluded from max as it was sampling only."
hbm4,HBM4 (JESD270-4),2025,2048,8.0,2048,32,64,16,64,https://www.jedec.org/news/pressreleases/jedec%C2%AE-and-industry-leaders-collaborate-release-jesd270-4-hbm4-standard-advancing,"JEDEC PR Apr 16 2025 (jedec.org returned 403; verbatim text from the silicon.co.uk mirror): up to 8 Gb/s over 2048-bit, up to 2 TB/s. 32 channels x 2 pseudo-channels. 4/8/12/16-high with 24Gb or 32Gb dies, up to 64GB (32Gb 16-high). 2048 is computed; the PR says 2 TB/s."
lpddr5,LPDDR5 (JESD209-5),2019,16,6.4,,,,,,https://www.jedec.org/news/pressreleases/jedec-updates-standard-low-power-memory-devices-lpddr5,"Per 16-bit CHANNEL, not stack. JEDEC PR Feb 2019: 6400 MT/s."
lpddr5x,LPDDR5X (JESD209-5B),2021,16,8.533,,,,,,https://www.jedec.org/news/pressreleases/jedec-publishes-new-and-updated-standards-low-power-memory-devices-used-5g-and-ai ; https://news.samsungsemiconductor.com/global/samsung-develops-industrys-fastest-10-7gbps-lpddr5x-dram-optimized-for-ai-applications/,Per 16-bit CHANNEL. JEDEC PR Jul 2021: up to 8533 Mbps. Vendor: Samsung 10.7 Gbps (Apr 2024). JESD209-5C (2023) max rate not confirmed from a primary source.
