# Derived from Epoch AI, 'Machine Learning Hardware' (https://epoch.ai/data/machine-learning-hardware), Creative Commons Attribution
name,manufacturer,type,release_date,year,bf16_flops,mem_bw_bytes_per_s,mem_bytes
NVIDIA GeForce GTX 280,NVIDIA,GPU,2008-06-16,2008.4572,,141100000000.0,1024000000.0
NVIDIA GeForce GTX 580,NVIDIA,GPU,2010-11-09,2010.8542,,192400000000.0,1536000000.0
NVIDIA Tesla K20c,NVIDIA,GPU,2012-11-12,2012.8652,,208000000000.0,5000000000.0
NVIDIA GeForce GTX TITAN,NVIDIA,GPU,2013-02-19,2013.1342,,288400000000.0,6000000000.0
NVIDIA Quadro K4000,NVIDIA,GPU,2013-03-01,2013.1615,,134800000000.0,3000000000.0
NVIDIA GeForce GTX 780,NVIDIA,GPU,2013-05-23,2013.3888,,288400000000.0,3000000000.0
NVIDIA Quadro K6000,NVIDIA,GPU,2013-07-23,2013.5558,,288000000000.0,12000000000.0
NVIDIA Tesla K40s,NVIDIA,GPU,2013-11-22,2013.8898,,288000000000.0,12000000000.0
NVIDIA Tesla K40t,NVIDIA,GPU,2013-11-22,2013.8898,,288400000000.0,12000000000.0
NVIDIA GeForce GTX Titan Black,NVIDIA,GPU,2014-02-18,2014.1314,,336000000000.0,6000000000.0
NVIDIA GeForce GTX 980,NVIDIA,GPU,2014-09-19,2014.7146,,224400000000.0,4000000000.0
NVIDIA Tesla K80,NVIDIA,GPU,2014-11-17,2014.8761,,241000000000.0,24000000000.0
NVIDIA Quadro K1200,NVIDIA,GPU,2015-01-28,2015.0739,,80000000000.0,4000000000.0
NVIDIA GeForce GTX TITAN X,NVIDIA,GPU,2015-03-17,2015.2053,,336600000000.0,12000000000.0
Google TPU v1,Google,TPU,2015-05-15,2015.3669,,34000000000.0,8589934592.0
NVIDIA Quadro M4000,NVIDIA,GPU,2015-06-29,2015.4901,,192000000000.0,8000000000.0
NVIDIA TESLA M60,NVIDIA,GPU,2015-08-30,2015.6598,,320800000000.0,16000000000.0
NVIDIA M40,NVIDIA,GPU,2015-11-10,2015.8569,,288000000000.0,12000000000.0
NVIDIA P100,NVIDIA,GPU,2016-04-05,2016.2601,,732000000000.0,16000000000.0
NVIDIA GeForce GTX 1080,NVIDIA,GPU,2016-05-27,2016.4025,,320300000000.0,8000000000.0
NVIDIA P100 PCIe 16GB,NVIDIA,GPU,2016-06-20,2016.4682,,732000000000.0,16000000000.0
NVIDIA Tesla P100 PCIe 12GB,NVIDIA,GPU,2016-06-20,2016.4682,,549100000000.0,
NVIDIA Tesla P100 PCIe 16GB,NVIDIA,GPU,2016-06-20,2016.4682,,732200000000.0,
NVIDIA P40,NVIDIA,GPU,2016-09-13,2016.7009,,694300000000.0,24000000000.0
NVIDIA Tesla P4,NVIDIA,GPU,2016-09-13,2016.7009,,192300000000.0,8000000000.0
NVIDIA Quadro P5000,NVIDIA,GPU,2016-10-01,2016.7502,,288000000000.0,16000000000.0
NVIDIA Quadro P6000,NVIDIA,GPU,2016-10-01,2016.7502,,433000000000.0,24000000000.0
NVIDIA Quadro P4000,NVIDIA,GPU,2017-02-06,2017.0986,,243400000000.0,8000000000.0
NVIDIA Quadro P600,NVIDIA,GPU,2017-02-07,2017.1013,,64130000000.0,2000000000.0
NVIDIA GeForce GTX 1080 Ti,NVIDIA,GPU,2017-03-10,2017.1862,,484000000000.0,11000000000.0
NVIDIA TITAN Xp,NVIDIA,GPU,2017-04-06,2017.2601,,548000000000.0,12000000000.0
Google TPU v2,Google,TPU,2017-05-01,2017.3285,46000000000000.0,600000000000.0,16000000000.0
NVIDIA Tesla V100 PCIe 16 GB,NVIDIA,GPU,2017-06-21,2017.4682,112000000000000.0,897000000000.0,16000000000.0
NVIDIA Tesla V100 SXM2 16 GB,NVIDIA,GPU,2017-06-21,2017.4682,125000000000000.0,897000000000.0,
NVIDIA V100,NVIDIA,GPU,2017-06-21,2017.4682,125000000000000.0,897000000000.0,
NVIDIA Tesla V100 SXM2,NVIDIA,GPU,2017-07-01,2017.4956,125000000000000.0,897000000000.0,16000000000.0
NVIDIA Titan V,NVIDIA,GPU,2017-12-01,2017.9144,,651000000000.0,12000000000.0
NVIDIA Tesla V100 DGXS 16 GB,NVIDIA,GPU,2018-03-27,2018.2327,125000000000000.0,897000000000.0,16000000000.0
NVIDIA Tesla V100 DGXS 32 GB,NVIDIA,GPU,2018-03-27,2018.2327,125000000000000.0,897000000000.0,32000000000.0
NVIDIA Tesla V100 PCIe 32 GB,NVIDIA,GPU,2018-03-27,2018.2327,112000000000000.0,897000000000.0,32000000000.0
NVIDIA Tesla V100 SXM2 32 GB,NVIDIA,GPU,2018-03-27,2018.2327,125000000000000.0,898000000000.0,32000000000.0
NVIDIA Tesla V100 SXM3 32 GB,NVIDIA,GPU,2018-03-27,2018.2327,125000000000000.0,898000000000.0,
Google TPU v3,Google,TPU,2018-05-18,2018.3751,123000000000000.0,900000000000.0,32000000000.0
NVIDIA Quadro RTX 5000,NVIDIA,GPU,2018-08-13,2018.6133,,448000000000.0,16000000000.0
NVIDIA Quadro RTX 6000,NVIDIA,GPU,2018-08-13,2018.6133,,672000000000.0,24000000000.0
NVIDIA Quadro RTX 8000,NVIDIA,GPU,2018-08-13,2018.6133,,672000000000.0,48000000000.0
NVIDIA Tesla T4,NVIDIA,GPU,2018-09-13,2018.6982,,320000000000.0,16000000000.0
NVIDIA GeForce RTX 2080 Ti 11GB,NVIDIA,GPU,2018-09-20,2018.7173,113800000000000.0,616000000000.0,11000000000.0
Huawei Ascend 310,Huawei,GPU,2018-10-10,2018.7721,,51200000000.0,
NVIDIA Quadro RTX 4000,NVIDIA,GPU,2018-11-13,2018.8652,,416000000000.0,8000000000.0
Baidu Kunlun I,Kunlunxin Baidu,XPU,2019-01-01,2019.0,,512000000000.0,
Cambricon MLU270-F4,Cambricon,ASIC,2019-06-20,2019.4654,,102000000000.0,16000000000.0
Cambricon MLU270-S4,Cambricon,ASIC,2019-06-20,2019.4654,,102000000000.0,16000000000.0
Huawei Ascend 910,Huawei,GPU,2019-08-23,2019.6407,,1288000000000.0,
Huawei Ascend 910 (320 TFLOPS),Huawei,GPU,2019-08-23,2019.6407,,1288000000000.0,
Huawei Ascend 910A,Huawei,GPU,2019-08-23,2019.6407,,1288000000000.0,32000000000.0
Huawei Ascend 910A Premium,Huawei,GPU,2019-08-23,2019.6407,,1288000000000.0,32000000000.0
Huawei Ascend 910A Pro,Huawei,GPU,2019-08-23,2019.6407,,1288000000000.0,32000000000.0
NVIDIA Tesla V100S PCIe 32 GB,NVIDIA,GPU,2019-11-26,2019.9008,130000000000000.0,1130000000000.0,32000000000.0
Baidu Kunlun K200,Kunlunxin Baidu,XPU,2020-01-01,2020.0,,512000000000.0,16000000000.0
Google TPU v4i,Google,TPU,2020-01-01,2020.0,138000000000000.0,614000000000.0,8000000000.0
NVIDIA A100,NVIDIA,GPU,2020-03-01,2020.1643,312000000000000.0,1560000000000.0,40000000000.0
NVIDIA A100 SXM4 40 GB,NVIDIA,GPU,2020-05-14,2020.3669,312000000000000.0,1560000000000.0,40000000000.0
NVIDIA A100 PCIe,NVIDIA,GPU,2020-06-22,2020.4736,312000000000000.0,1940000000000.0,40000000000.0
NVIDIA GeForce RTX 3080,NVIDIA,GPU,2020-09-01,2020.668,,760000000000.0,10000000000.0
NVIDIA GeForce RTX 3090,NVIDIA,GPU,2020-09-01,2020.668,,936000000000.0,24000000000.0
NVIDIA A40 PCIe,NVIDIA,GPU,2020-10-05,2020.7611,149700000000000.0,695800000000.0,48000000000.0
NVIDIA RTX A6000,NVIDIA,GPU,2020-10-05,2020.7611,,768000000000.0,48000000000.0
NVIDIA A100 SXM4 80 GB,NVIDIA,GPU,2020-11-16,2020.8761,312000000000000.0,2039000000000.0,80000000000.0
NVIDIA A10 PCIe,NVIDIA,GPU,2021-04-12,2021.2765,,600200000000.0,24000000000.0
NVIDIA A10G,NVIDIA,GPU,2021-04-12,2021.2765,,600200000000.0,24000000000.0
NVIDIA RTX A4000,NVIDIA,GPU,2021-04-12,2021.2765,,448000000000.0,16000000000.0
NVIDIA RTX A5000,NVIDIA,GPU,2021-04-12,2021.2765,,768000000000.0,24000000000.0
Google TPU v4,Google,TPU,2021-05-20,2021.3806,275000000000000.0,1200000000000.0,32000000000.0
Shensuan-1,Hygon,DCU (GPGPU),2021-07-01,2021.4956,,1024000000000.0,32000000000.0
Baidu Kunlun II,Kunlunxin Baidu,XPU-R,2021-08-18,2021.627,,512000000000.0,32000000000.0
Tesla D1 Dojo,Tesla,GPU,2021-08-21,2021.6352,362000000000000.0,10000000000000.0,
AMD Radeon Instinct MI250X,AMD,GPU,2021-11-08,2021.8515,383000000000000.0,3280000000000.0,128000000000.0
Baidu Kunlun R100 (100W),Kunlunxin Baidu,XPU-R,2022-01-01,2022.0,,384000000000.0,12000000000.0
Baidu Kunlun R100 (75W),Kunlunxin Baidu,XPU-R,2022-01-01,2022.0,,384000000000.0,12000000000.0
Baidu Kunlun R200 (150W),Kunlunxin Baidu,XPU-R,2022-01-01,2022.0,,512000000000.0,16000000000.0
Baidu Kunlun R200-8F (160W),Kunlunxin Baidu,XPU-R,2022-01-01,2022.0,,512000000000.0,32000000000.0
Huawei Ascend 910B,Huawei,GPU,2022-03-17,2022.2053,,1228000000000.0,32000000000.0
NVIDIA GeForce RTX 3090 Ti,NVIDIA,GPU,2022-03-29,2022.2382,160000000000000.0,1008000000000.0,24000000000.0
NVIDIA A800 SXM,NVIDIA,GPU,2022-08-11,2022.6078,311800000000000.0,2040000000000.0,80000000000.0
Biren BR100,Biren,GPGPU,2022-08-22,2022.6379,1024000000000000.0,1640000000000.0,64000000000.0
NVIDIA GeForce RTX 4080,NVIDIA,GPU,2022-09-20,2022.7173,,716800000000.0,16000000000.0
NVIDIA GeForce RTX 4090,NVIDIA,GPU,2022-09-20,2022.7173,330000000000000.0,1008000000000.0,24000000000.0
NVIDIA H100 PCIe,NVIDIA,GPU,2022-09-20,2022.7173,756000000000000.0,2040000000000.0,80000000000.0
NVIDIA H100 SXM5 80GB,NVIDIA,GPU,2022-09-20,2022.7173,989400000000000.0,3350000000000.0,80000000000.0
NVIDIA L40,NVIDIA,GPU,2022-10-13,2022.7803,181000000000000.0,864000000000.0,48000000000.0
Amazon Trainium1,Amazon AWS,GPU,2022-10-15,2022.7858,190000000000000.0,820000000000.0,32000000000.0
GroqChip LPU v1,,LPU,2022-10-15,2022.7858,,80000000000000.0,230000000.0
AMD Radeon RX 7900 XTX,AMD,GPU,2022-11-03,2022.8378,,960000000000.0,24000000000.0
NVIDIA A800 PCIe 80 GB,NVIDIA,GPU,2022-11-03,2022.8378,312000000000000.0,1940000000000.0,
NVIDIA A800 PCIe 40 GB,NVIDIA,GPU,2022-11-08,2022.8515,311800000000000.0,1560000000000.0,
Baidu Kunlun RG800,Kunlunxin Baidu,XPU-R,2023-01-01,2023.0,,512000000000.0,32000000000.0
MetaX MXC500 (OAM),MetaX,GPGPU,2023-01-01,2023.0,,18000000000000.0,64000000000.0
AMD Instinct MI300A,AMD,GPU,2023-01-04,2023.0082,980600000000000.0,5300000000000.0,128000000000.0
AMD Radeon Instinct MI300,AMD,GPU,2023-01-04,2023.0082,,6550000000000.0,128000000000.0
Intel Data Center GPU Max 1100,Intel,GPU,2023-01-10,2023.0246,,1230000000000.0,48000000000.0
Intel Data Center GPU Max 1350,Intel,GPU,2023-01-10,2023.0246,,2460000000000.0,96000000000.0
Intel Data Center GPU Max 1550,Intel,GPU,2023-01-10,2023.0246,,3280000000000.0,128000000000.0
NVIDIA GeForce RTX 4070,NVIDIA,GPU,2023-02-08,2023.104,,504200000000.0,12000000000.0
NVIDIA GH100,NVIDIA,GPU,2023-03-21,2023.2163,989500000000000.0,3072000000000.0,
NVIDIA H800 SXM5,NVIDIA,GPU,2023-03-21,2023.2163,989000000000000.0,3360000000000.0,80000000000.0
NVIDIA L4,NVIDIA,GPU,2023-03-21,2023.2163,121000000000000.0,300100000000.0,24000000000.0
Meta MTIA v1 (MTIA 100),Meta,Other,2023-05-18,2023.3751,51200000000000.0,800000000000.0,128000000.0
MetaX MXC500 (PCIe),MetaX,GPGPU,2023-06-13,2023.4463,,18000000000000.0,64000000000.0
NVIDIA GH200,NVIDIA,GPU,2023-08-08,2023.5996,989500000000000.0,4900000000000.0,
Google TPU v5e,Google,TPU,2023-08-29,2023.6571,197000000000000.0,819000000000.0,16000000000.0
NVIDIA L20 PCle,NVIDIA,GPU,2023-09-16,2023.7064,119500000000000.0,864000000000.0,48000000000.0
NVIDIA HGX H20,NVIDIA,GPU,2023-11-09,2023.8542,148000000000000.0,4000000000000.0,96000000000.0
NVIDIA L2 PCle,NVIDIA,GPU,2023-11-09,2023.8542,96500000000000.0,300000000000.0,24000000000.0
AMD Instinct MI300X,AMD,GPU,2023-12-06,2023.9281,1307400000000000.0,5300000000000.0,192000000000.0
AMD Radeon Instinct MI308X,AMD,GPU,2023-12-06,2023.9281,653700000000000.0,10300000000000.0,192000000000.0
Google TPU v5p,Google,TPU,2023-12-06,2023.9281,459000000000000.0,2765000000000.0,95000000000.0
MTT S4000,Moore Threads (Tencent),GPU,2023-12-19,2023.9637,100000000000000.0,768000000000.0,48000000000.0
NVIDIA H100 NVL,NVIDIA,GPU,2024-03-14,2024.1999,,3938000000000.0,94000000000.0
Meta MTIA v2 (MTIA 200),Meta,Other,2024-04-10,2024.2738,177000000000000.0,1000000000000.0,256000000.0
Google TPU v6e Trillium,Google,TPU,2024-05-14,2024.3669,918000000000000.0,1640000000000.0,32000000000.0
Maia 100 (M100),Microsoft,GPU,2024-08-27,2024.6543,800000000000000.0,,
AMD Instinct MI325X,AMD,GPU,2024-10-10,2024.7748,1307400000000000.0,6000000000000.0,256000000000.0
Huawei Ascend 910C,Huawei,GPU,2024-10-15,2024.7885,800000000000000.0,3200000000000.0,128000000000.0
NVIDIA B200,NVIDIA,GPU,2024-11-15,2024.8734,2250000000000000.0,7700000000000.0,180000000000.0
NVIDIA H200 SXM,NVIDIA,GPU,2024-11-18,2024.8816,989500000000000.0,4800000000000.0,141000000000.0
Amazon Trainium2,Amazon AWS,GPU,2024-12-03,2024.9227,667000000000000.0,2900000000000.0,96000000000.0
NVIDIA GB200,NVIDIA,GPU,2025-02-15,2025.1232,2500000000000000.0,8000000000000.0,186000000000.0
NVIDIA RTX Pro 6000 Blackwell,NVIDIA,GPU,2025-03-18,2025.2081,503800000000000.0,1792000000000.0,96000000000.0
AMD Instinct MI350X,AMD,GPU,2025-06-12,2025.4435,2309600000000000.0,8000000000000.0,288000000000.0
AMD Instinct MI355X,AMD,GPU,2025-06-12,2025.4435,2516600000000000.0,8000000000000.0,288000000000.0
NVIDIA B300 (Blackwell Ultra),NVIDIA,GPU,2025-08-22,2025.6379,2250000000000000.0,7700000000000.0,270000000000.0
NVIDIA GB300 (Blackwell Ultra),NVIDIA,GPU,2025-08-22,2025.6379,2500000000000000.0,8000000000000.0,287500000000.0
Huawei Ascend 920,Huawei,NPU,2025-10-01,2025.7474,900000000000000.0,4000000000000.0,
Google TPU v7 Ironwood,Google,TPU,2025-11-06,2025.846,2307000000000000.0,7370000000000.0,192000000000.0
Amazon Trainium3,Amazon AWS,GPU,2025-12-02,2025.9172,671000000000000.0,,
Microsoft Maia 200,Microsoft,GPU,2026-01-26,2026.0684,1268000000000000.0,7000000000000.0,216000000000.0
Meta MTIA 300,Meta,Other,2026-03-11,2026.1889,600000000000000.0,6100000000000.0,216000000000.0
