# Derived from the SemiAnalysis InferenceX public API (https://github.com/SemiAnalysisAI/InferenceX); measured values are InferenceX median TPOT
hardware,framework,precision,tp,conc,isl,osl,measured_tpot_s,predicted_tpot_s
b200,trt,fp8,1,4,1024,1024,0.014604993375343918,0.019627588608
b200,trt,fp8,1,4,1024,8192,0.014879277381152762,0.020214791168
b200,trt,fp8,1,4,8192,1024,0.016734009394698508,0.020801993728
b200,trt,fp8,1,8,1024,1024,0.01494700885784992,0.01987941888
b200,trt,fp8,1,8,1024,8192,0.015455636319086712,0.021053824
b200,trt,fp8,1,8,8192,1024,0.019442953470716028,0.022228229119999998
b200,trt,fp8,1,16,1024,1024,0.01606764747114,0.020383079424
b200,trt,fp8,1,16,1024,8192,0.017021737159335956,0.022731889664
b200,trt,fp8,1,16,8192,1024,0.02548482263684706,0.025080699903999998
b200,trt,fp8,1,32,1024,1024,0.017981686408041403,0.021390400512000002
b200,trt,fp8,1,32,1024,8192,0.020140713010427122,0.026088020992
b200,trt,fp8,1,32,8192,1024,0.0375356771059578,0.030785641471999997
b200,trt,fp8,1,64,1024,1024,0.021668815022675366,0.023405042687999998
b200,trt,fp8,1,64,1024,8192,0.02468966534557139,0.032800283648
b200,trt,fp8,1,64,8192,1024,0.06104615584625668,0.042195524608
b200,trt,fp8,1,128,1024,1024,0.029912919624856597,0.027434327039999998
b200,trt,fp8,1,128,1024,8192,0.026755743943498663,0.04622480896
b200,trt,fp8,1,128,8192,1024,0.06979673479003429,0.06501529088
b200,trt,fp8,2,4,1024,1024,0.00969041236799709,0.011465445148444445
b200,trt,fp8,2,4,1024,8192,0.009846236010466126,0.011759046428444445
b200,trt,fp8,2,4,8192,1024,0.010960117998858333,0.012052647708444445
b200,trt,fp8,2,8,1024,1024,0.009800234041190898,0.011603011128888889
b200,trt,fp8,2,8,1024,8192,0.010039038163508263,0.012190213688888889
b200,trt,fp8,2,8,8192,1024,0.012507888258448053,0.012777416248888888
b200,trt,fp8,2,16,1024,1024,0.00989404988540386,0.011878143089777778
b200,trt,fp8,2,16,1024,8192,0.01033829999127731,0.013052548209777777
b200,trt,fp8,2,16,8192,1024,0.015475335463110081,0.014226953329777777
b200,trt,fp8,2,32,1024,1024,0.011000645536524668,0.012428407011555556
b200,trt,fp8,2,32,1024,8192,0.011864190593858376,0.014777217251555556
b200,trt,fp8,2,32,8192,1024,0.022657888212284746,0.017126027491555555
b200,trt,fp8,2,64,1024,1024,0.013512083407289282,0.013528934855111112
b200,trt,fp8,2,64,1024,8192,0.015107988810874504,0.01822655533511111
b200,trt,fp8,2,64,8192,1024,0.03708803994353811,0.02292417581511111
b200,trt,fp8,2,128,1024,1024,0.01881632273989923,0.01572999054222222
b200,trt,fp8,2,128,1024,8192,0.021004907298648113,0.02512523150222222
b200,trt,fp8,2,128,8192,1024,0.06581140414964903,0.03452047246222223
b200,trt,fp8,4,4,1024,1024,0.006621639124585224,0.008344373418666666
b200,trt,fp8,4,4,1024,8192,0.007003279866128265,0.008491174058666666
b200,trt,fp8,4,4,8192,1024,0.007707474890022364,0.008637974698666666
b200,trt,fp8,4,8,1024,1024,0.007006526820078933,0.008424807253333333
b200,trt,fp8,4,8,1024,8192,0.007097233633227034,0.008718408533333333
b200,trt,fp8,4,8,8192,1024,0.008601489776337332,0.009012009813333333
b200,trt,fp8,4,16,1024,1024,0.007343604001918635,0.008585674922666667
b200,trt,fp8,4,16,1024,8192,0.0074924238488113595,0.009172877482666666
b200,trt,fp8,4,16,8192,1024,0.010767506855515413,0.009760080042666666
b200,trt,fp8,4,32,1024,1024,0.008012059542801092,0.008907410261333333
b200,trt,fp8,4,32,1024,8192,0.008359190638687116,0.010081815381333332
b200,trt,fp8,4,32,8192,1024,0.015115863156303075,0.011256220501333332
b200,trt,fp8,4,64,1024,1024,0.009852066252557225,0.009550880938666666
b200,trt,fp8,4,64,1024,8192,0.010533987555954319,0.011899691178666667
b200,trt,fp8,4,64,8192,1024,0.02437576588931277,0.014248501418666668
b200,trt,fp8,4,128,1024,1024,0.013427865942823181,0.010837822293333334
b200,trt,fp8,4,128,1024,8192,0.014564750177389195,0.015535442773333333
b200,trt,fp8,4,128,8192,1024,0.042637616226922095,0.020233063253333336
b200,trt,fp8,8,4,1024,1024,0.005448538485349507,0.008703837553777776
b200,trt,fp8,8,4,1024,8192,0.005815485301061459,0.008777237873777776
b200,trt,fp8,8,4,8192,1024,0.006442261023012949,0.008850638193777776
b200,trt,fp8,8,8,1024,1024,0.005696851799577371,0.008755705315555555
b200,trt,fp8,8,8,1024,8192,0.005957104124752756,0.008902505955555555
b200,trt,fp8,8,8,8192,1024,0.007123345275074242,0.009049306595555555
b200,trt,fp8,8,16,1024,1024,0.006546348157862609,0.00885944083911111
b200,trt,fp8,8,16,1024,8192,0.006427774032937257,0.00915304211911111
b200,trt,fp8,8,16,8192,1024,0.008981017150885432,0.00944664339911111
b200,trt,fp8,8,32,1024,1024,0.007425909459423408,0.009066911886222223
b200,trt,fp8,8,32,1024,8192,0.007185479656418026,0.009654114446222222
b200,trt,fp8,8,32,8192,1024,0.012462415219790829,0.010241317006222222
b200,trt,fp8,8,64,1024,1024,0.009734751144162283,0.009481853980444443
b200,trt,fp8,8,64,1024,8192,0.009292214883917717,0.010656259100444442
b200,trt,fp8,8,64,8192,1024,0.019999601568437508,0.011830664220444443
b200,trt,fp8,8,128,1024,1024,0.013921326068194736,0.010311738168888886
b200,trt,fp8,8,128,1024,8192,0.013129248207807379,0.012660548408888887
b200,trt,fp8,8,128,8192,1024,0.03410831711555842,0.015009358648888887
b200,trt,nvfp4,1,4,1024,1024,0.01205551996289429,0.012025690752
b200,trt,nvfp4,1,4,1024,8192,0.01237441844501864,0.012612893312
b200,trt,nvfp4,1,4,8192,1024,0.013705987862411393,0.013200095872
b200,trt,nvfp4,1,8,1024,1024,0.012410746769218852,0.01227751744
b200,trt,nvfp4,1,8,1024,8192,0.013080573349352684,0.01345192256
b200,trt,nvfp4,1,8,8192,1024,0.015988264103744515,0.01462632768
b200,trt,nvfp4,1,16,1024,1024,0.013163635592461462,0.012781170816
b200,trt,nvfp4,1,16,1024,8192,0.014407853787703137,0.015129981056
b200,trt,nvfp4,1,16,8192,1024,0.02045983099906227,0.017478791296
b200,trt,nvfp4,1,32,1024,1024,0.014440231091436561,0.013788477568
b200,trt,nvfp4,1,32,1024,8192,0.017331673021163077,0.018486098048
b200,trt,nvfp4,1,32,8192,1024,0.029439241888579278,0.023183718527999997
b200,trt,nvfp4,1,64,1024,1024,0.01709049805213238,0.015803091072
b200,trt,nvfp4,1,64,1024,8192,0.021391594340123086,0.025198332031999997
b200,trt,nvfp4,1,64,8192,1024,0.04709936075707863,0.034593572992
b200,trt,nvfp4,1,128,1024,1024,0.022190945933401818,0.01983231808
b200,trt,nvfp4,1,128,1024,8192,0.0257289841518283,0.0386228
b200,trt,nvfp4,1,128,8192,1024,0.06388435970396476,0.05741328192
b200,trt,nvfp4,2,4,1024,1024,0.008950712855220751,0.007664496220444445
b200,trt,nvfp4,2,4,1024,8192,0.008978285613181619,0.007958097500444444
b200,trt,nvfp4,2,4,8192,1024,0.009794202790619546,0.008251698780444443
b200,trt,nvfp4,2,8,1024,1024,0.008926534283758997,0.007802060408888889
b200,trt,nvfp4,2,8,1024,8192,0.00931312436773125,0.008389262968888889
b200,trt,nvfp4,2,8,8192,1024,0.01099916906303951,0.008976465528888889
b200,trt,nvfp4,2,16,1024,1024,0.009412206855346064,0.008077188785777779
b200,trt,nvfp4,2,16,1024,8192,0.01005396263289172,0.009251593905777778
b200,trt,nvfp4,2,16,8192,1024,0.013733427958399498,0.010425999025777778
b200,trt,nvfp4,2,32,1024,1024,0.010213415042215356,0.008627445539555556
b200,trt,nvfp4,2,32,1024,8192,0.011395646070196472,0.010976255779555556
b200,trt,nvfp4,2,32,8192,1024,0.01912352223053277,0.013325066019555555
b200,trt,nvfp4,2,64,1024,1024,0.01210739150614559,0.009727959047111111
b200,trt,nvfp4,2,64,1024,8192,0.014466147358772616,0.01442557952711111
b200,trt,nvfp4,2,64,8192,1024,0.030442051439555043,0.01912320000711111
b200,trt,nvfp4,2,128,1024,1024,0.015400353941874221,0.011928986062222221
b200,trt,nvfp4,2,128,1024,8192,0.01911556470797264,0.02132422702222222
b200,trt,nvfp4,2,128,8192,1024,0.05171455324696876,0.03071946798222222
b200,trt,nvfp4,4,4,1024,1024,0.006637610952601026,0.006443898954666667
b200,trt,nvfp4,4,4,1024,8192,0.00703587390345237,0.006590699594666667
b200,trt,nvfp4,4,4,8192,1024,0.00762493245916296,0.006737500234666667
b200,trt,nvfp4,4,8,1024,1024,0.007074976457676768,0.006524331893333334
b200,trt,nvfp4,4,8,1024,8192,0.007198364379967537,0.006817933173333334
b200,trt,nvfp4,4,8,8192,1024,0.008390649500839335,0.007111534453333334
b200,trt,nvfp4,4,16,1024,1024,0.007221470860158428,0.006685197770666666
b200,trt,nvfp4,4,16,1024,8192,0.007433746056371926,0.007272400330666666
b200,trt,nvfp4,4,16,8192,1024,0.00998927923316631,0.007859602890666666
b200,trt,nvfp4,4,32,1024,1024,0.008089512718482994,0.007006929525333333
b200,trt,nvfp4,4,32,1024,8192,0.008560884451427522,0.008181334645333334
b200,trt,nvfp4,4,32,8192,1024,0.013669765344656793,0.009355739765333333
b200,trt,nvfp4,4,64,1024,1024,0.009394350870417081,0.007650393034666667
b200,trt,nvfp4,4,64,1024,8192,0.010559410061733054,0.009999203274666668
b200,trt,nvfp4,4,64,8192,1024,0.021021892560606076,0.012348013514666667
b200,trt,nvfp4,4,128,1024,1024,0.012443597613604581,0.008937320053333333
b200,trt,nvfp4,4,128,1024,8192,0.014222924442410247,0.013634940533333332
b200,trt,nvfp4,4,128,8192,1024,0.035700508068605474,0.01833256101333333
b200,trt,nvfp4,8,4,1024,1024,0.005876498285986399,0.0077536003217777765
b200,trt,nvfp4,8,4,1024,8192,0.006140907306840497,0.007827000641777777
b200,trt,nvfp4,8,4,8192,1024,0.0067533964861255305,0.007900400961777777
b200,trt,nvfp4,8,8,1024,1024,0.0061192147194378925,0.007805467635555555
b200,trt,nvfp4,8,8,1024,8192,0.006317221031030237,0.007952268275555556
b200,trt,nvfp4,8,8,8192,1024,0.007322443306084673,0.008099068915555556
b200,trt,nvfp4,8,16,1024,1024,0.006819939909977849,0.00790920226311111
b200,trt,nvfp4,8,16,1024,8192,0.006721894726327525,0.00820280354311111
b200,trt,nvfp4,8,16,8192,1024,0.008893754019504155,0.00849640482311111
b200,trt,nvfp4,8,32,1024,1024,0.0077585245915470355,0.008116671518222223
b200,trt,nvfp4,8,32,1024,8192,0.007624525923292208,0.008703874078222222
b200,trt,nvfp4,8,32,8192,1024,0.011948255032003145,0.009291076638222222
b200,trt,nvfp4,8,64,1024,1024,0.010355773718045826,0.008531610028444443
b200,trt,nvfp4,8,64,1024,8192,0.009603900680807867,0.009706015148444443
b200,trt,nvfp4,8,64,8192,1024,0.018257227612579866,0.010880420268444442
b200,trt,nvfp4,8,128,1024,1024,0.013936441300868999,0.009361487048888888
b200,trt,nvfp4,8,128,1024,8192,0.013566398370144797,0.011710297288888886
b200,trt,nvfp4,8,128,8192,1024,0.03044910741075959,0.014059107528888887
b200,vllm,fp8,1,4,1024,1024,0.016340051600339627,0.019627588608
b200,vllm,fp8,1,4,1024,8192,0.016685879971441442,0.020214791168
b200,vllm,fp8,1,4,8192,1024,0.018454855543381846,0.020801993728
b200,vllm,fp8,1,8,1024,1024,0.0166426531846697,0.01987941888
b200,vllm,fp8,1,8,1024,8192,0.016944201567891955,0.021053824
b200,vllm,fp8,1,8,8192,1024,0.021287871699636817,0.022228229119999998
b200,vllm,fp8,1,16,1024,1024,0.01765874217950164,0.020383079424
b200,vllm,fp8,1,16,1024,8192,0.017919477330117596,0.022731889664
b200,vllm,fp8,1,16,8192,1024,0.02816546387642962,0.025080699903999998
b200,vllm,fp8,1,32,1024,1024,0.019480152697509166,0.021390400512000002
b200,vllm,fp8,1,32,1024,8192,0.020588792446917064,0.026088020992
b200,vllm,fp8,1,32,8192,1024,0.04191701502565715,0.030785641471999997
b200,vllm,fp8,1,64,1024,1024,0.023195447311433668,0.023405042687999998
b200,vllm,fp8,1,64,1024,8192,0.024756839150811304,0.032800283648
b200,vllm,fp8,1,64,8192,1024,0.07281570580380675,0.042195524608
b200,vllm,fp8,2,4,1024,1024,0.01064690362047744,0.011465445148444445
b200,vllm,fp8,2,4,1024,8192,0.010389625274107266,0.011759046428444445
b200,vllm,fp8,2,4,8192,1024,0.01181551821051825,0.012052647708444445
b200,vllm,fp8,2,8,1024,1024,0.010680643073447417,0.011603011128888889
b200,vllm,fp8,2,8,1024,8192,0.010831782920200152,0.012190213688888889
b200,vllm,fp8,2,8,8192,1024,0.013687921762146959,0.012777416248888888
b200,vllm,fp8,2,16,1024,1024,0.01120563092676272,0.011878143089777778
b200,vllm,fp8,2,16,1024,8192,0.011320842632045792,0.013052548209777777
b200,vllm,fp8,2,16,8192,1024,0.017567838133437014,0.014226953329777777
b200,vllm,fp8,2,32,1024,1024,0.0126880381171944,0.012428407011555556
b200,vllm,fp8,2,32,1024,8192,0.012756444398409542,0.014777217251555556
b200,vllm,fp8,2,32,8192,1024,0.025780765239035545,0.017126027491555555
b200,vllm,fp8,2,64,1024,1024,0.015353465442326165,0.013528934855111112
b200,vllm,fp8,2,64,1024,8192,0.015801941253359725,0.01822655533511111
b200,vllm,fp8,2,64,8192,1024,0.043193899636298945,0.02292417581511111
b200,vllm,fp8,4,4,1024,1024,0.008043178876691766,0.008344373418666666
b200,vllm,fp8,4,4,1024,8192,0.008410904516549605,0.008491174058666666
b200,vllm,fp8,4,4,8192,1024,0.008757624761591906,0.008637974698666666
b200,vllm,fp8,4,8,1024,1024,0.008220705990282408,0.008424807253333333
b200,vllm,fp8,4,8,1024,8192,0.008002350678063076,0.008718408533333333
b200,vllm,fp8,4,8,8192,1024,0.009838101215537392,0.009012009813333333
b200,vllm,fp8,4,16,1024,1024,0.008805376521835176,0.008585674922666667
b200,vllm,fp8,4,16,1024,8192,0.008357995673113527,0.009172877482666666
b200,vllm,fp8,4,16,8192,1024,0.012087510235709944,0.009760080042666666
b200,vllm,fp8,4,32,1024,1024,0.010850654123456142,0.008907410261333333
b200,vllm,fp8,4,32,1024,8192,0.009427269468546193,0.010081815381333332
b200,vllm,fp8,4,32,8192,1024,0.01731188830540878,0.011256220501333332
b200,vllm,fp8,4,64,1024,1024,0.013112178543953926,0.009550880938666666
b200,vllm,fp8,4,64,1024,8192,0.011551773650398466,0.011899691178666667
b200,vllm,fp8,4,64,8192,1024,0.028031774699682106,0.014248501418666668
b200,vllm,fp8,8,4,1024,1024,0.006321321020363136,0.008703837553777776
b200,vllm,fp8,8,4,1024,8192,0.006524128855261049,0.008777237873777776
b200,vllm,fp8,8,4,8192,1024,0.007202821326354665,0.008850638193777776
b200,vllm,fp8,8,8,1024,1024,0.006952989892644869,0.008755705315555555
b200,vllm,fp8,8,8,1024,8192,0.006515467180798753,0.008902505955555555
b200,vllm,fp8,8,8,8192,1024,0.007759249470637647,0.009049306595555555
b200,vllm,fp8,8,16,1024,1024,0.007484397876364471,0.00885944083911111
b200,vllm,fp8,8,16,1024,8192,0.007024326030313785,0.00915304211911111
b200,vllm,fp8,8,16,8192,1024,0.009700889673092284,0.00944664339911111
b200,vllm,fp8,8,32,1024,1024,0.008793418655077372,0.009066911886222223
b200,vllm,fp8,8,32,1024,8192,0.007885801474887495,0.009654114446222222
b200,vllm,fp8,8,32,8192,1024,0.01354255483634427,0.010241317006222222
b200,vllm,fp8,8,64,1024,1024,0.011843906725465335,0.009481853980444443
b200,vllm,fp8,8,64,1024,8192,0.010419209947280933,0.010656259100444442
b200,vllm,fp8,8,64,8192,1024,0.021987131661189093,0.011830664220444443
b200,vllm,nvfp4,1,4,1024,1024,0.013072206879942715,0.012025690752
b200,vllm,nvfp4,1,4,1024,8192,0.013566328420836965,0.012612893312
b200,vllm,nvfp4,1,4,8192,1024,0.014457698114477889,0.013200095872
b200,vllm,nvfp4,1,8,1024,1024,0.01298642733891229,0.01227751744
b200,vllm,nvfp4,1,8,1024,8192,0.013470574881915953,0.01345192256
b200,vllm,nvfp4,1,8,8192,1024,0.016767311312029003,0.01462632768
b200,vllm,nvfp4,1,16,1024,1024,0.014076948333560662,0.012781170816
b200,vllm,nvfp4,1,16,1024,8192,0.014700481739387476,0.015129981056
b200,vllm,nvfp4,1,16,8192,1024,0.02195905716268006,0.017478791296
b200,vllm,nvfp4,1,32,1024,1024,0.014956157177802772,0.013788477568
b200,vllm,nvfp4,1,32,1024,8192,0.017267944444781528,0.018486098048
b200,vllm,nvfp4,1,32,8192,1024,0.031660001789251865,0.023183718527999997
b200,vllm,nvfp4,1,64,1024,1024,0.01770274247205121,0.015803091072
b200,vllm,nvfp4,1,64,1024,8192,0.021030973271326824,0.025198332031999997
b200,vllm,nvfp4,1,64,8192,1024,0.05171763095163348,0.034593572992
b200,vllm,nvfp4,2,4,1024,1024,0.009665563286296065,0.007664496220444445
b200,vllm,nvfp4,2,4,1024,8192,0.009464376443642312,0.007958097500444444
b200,vllm,nvfp4,2,4,8192,1024,0.01043664714790541,0.008251698780444443
b200,vllm,nvfp4,2,8,1024,1024,0.009426143513905734,0.007802060408888889
b200,vllm,nvfp4,2,8,1024,8192,0.009938834796096965,0.008389262968888889
b200,vllm,nvfp4,2,8,8192,1024,0.011699518164625548,0.008976465528888889
b200,vllm,nvfp4,2,16,1024,1024,0.010458616933580703,0.008077188785777779
b200,vllm,nvfp4,2,16,1024,8192,0.010717387683528985,0.009251593905777778
b200,vllm,nvfp4,2,16,8192,1024,0.014849332026449804,0.010425999025777778
b200,vllm,nvfp4,2,32,1024,1024,0.011356704526139426,0.008627445539555556
b200,vllm,nvfp4,2,32,1024,8192,0.01195005129319942,0.010976255779555556
b200,vllm,nvfp4,2,32,8192,1024,0.02101289572059617,0.013325066019555555
b200,vllm,nvfp4,2,64,1024,1024,0.013061021820994653,0.009727959047111111
b200,vllm,nvfp4,2,64,1024,8192,0.014675188189484857,0.01442557952711111
b200,vllm,nvfp4,2,64,8192,1024,0.034175597335685794,0.01912320000711111
b200,vllm,nvfp4,4,4,1024,1024,0.007239842207277348,0.006443898954666667
b200,vllm,nvfp4,4,4,1024,8192,0.007471927954693501,0.006590699594666667
b200,vllm,nvfp4,4,4,8192,1024,0.008116166614023236,0.006737500234666667
b200,vllm,nvfp4,4,8,1024,1024,0.007669198824348693,0.006524331893333334
b200,vllm,nvfp4,4,8,1024,8192,0.007953324863572458,0.006817933173333334
b200,vllm,nvfp4,4,8,8192,1024,0.008996766245960502,0.007111534453333334
b200,vllm,nvfp4,4,16,1024,1024,0.008550429831815047,0.006685197770666666
b200,vllm,nvfp4,4,16,1024,8192,0.00796992416089667,0.007272400330666666
b200,vllm,nvfp4,4,16,8192,1024,0.011010881384126339,0.007859602890666666
b200,vllm,nvfp4,4,32,1024,1024,0.009232440567202863,0.007006929525333333
b200,vllm,nvfp4,4,32,1024,8192,0.00894359945622289,0.008181334645333334
b200,vllm,nvfp4,4,32,8192,1024,0.015464649431930589,0.009355739765333333
b200,vllm,nvfp4,4,64,1024,1024,0.011980987278928126,0.007650393034666667
b200,vllm,nvfp4,4,64,1024,8192,0.011378084723749063,0.009999203274666668
b200,vllm,nvfp4,4,64,8192,1024,0.02483119135372537,0.012348013514666667
b200,vllm,nvfp4,8,4,1024,1024,0.006313195628067692,0.0077536003217777765
b200,vllm,nvfp4,8,4,1024,8192,0.006580947191060765,0.007827000641777777
b200,vllm,nvfp4,8,4,8192,1024,0.007153120604141513,0.007900400961777777
b200,vllm,nvfp4,8,8,1024,1024,0.006617362791180144,0.007805467635555555
b200,vllm,nvfp4,8,8,1024,8192,0.0067862539531347126,0.007952268275555556
b200,vllm,nvfp4,8,8,8192,1024,0.007870749711238448,0.008099068915555556
b200,vllm,nvfp4,8,16,1024,1024,0.0075154115555430105,0.00790920226311111
b200,vllm,nvfp4,8,16,1024,8192,0.0072178813310869935,0.00820280354311111
b200,vllm,nvfp4,8,16,8192,1024,0.00949072429887675,0.00849640482311111
b200,vllm,nvfp4,8,32,1024,1024,0.009859248296198563,0.008116671518222223
b200,vllm,nvfp4,8,32,1024,8192,0.008401352475229797,0.008703874078222222
b200,vllm,nvfp4,8,32,8192,1024,0.012863204932816799,0.009291076638222222
b200,vllm,nvfp4,8,64,1024,1024,0.01319551661522626,0.008531610028444443
b200,vllm,nvfp4,8,64,1024,8192,0.009976225096358647,0.009706015148444443
b200,vllm,nvfp4,8,64,8192,1024,0.02042910091253336,0.010880420268444442
mi325x,vllm,fp8,1,4,1024,1024,0.020833687558365042,0.025503451477333336
mi325x,vllm,fp8,1,4,1024,8192,0.02119420752997688,0.026286388224
mi325x,vllm,fp8,1,4,8192,1024,0.026391123400337384,0.027069324970666664
mi325x,vllm,fp8,1,8,1024,1024,0.022091707533566485,0.025839225173333334
mi325x,vllm,fp8,1,8,1024,8192,0.02236332135860055,0.02740509866666667
mi325x,vllm,fp8,1,8,8192,1024,0.037150393702023735,0.028970972159999997
mi325x,vllm,fp8,1,16,1024,1024,0.02432414916432419,0.02651077256533333
mi325x,vllm,fp8,1,16,1024,8192,0.024471187785055432,0.029642519552
mi325x,vllm,fp8,1,16,8192,1024,0.043929059717584214,0.03277426653866667
mi325x,vllm,fp8,1,32,1024,1024,0.028294351476782394,0.02785386734933333
mi325x,vllm,fp8,1,32,1024,8192,0.02856094329929252,0.03411736132266667
mi325x,vllm,fp8,1,32,8192,1024,0.06975588159976925,0.040380855296
mi325x,vllm,fp8,1,64,1024,1024,0.037940463275835196,0.03054005691733333
mi325x,vllm,fp8,1,64,1024,8192,0.03829103348785203,0.043067044864
mi325x,vllm,fp8,1,64,8192,1024,0.1205165521391158,0.05559403281066667
mi325x,vllm,fp8,2,4,1024,1024,0.013671502755293222,0.014415131452952382
mi325x,vllm,fp8,2,4,1024,8192,0.013937638538520045,0.014806599826285715
mi325x,vllm,fp8,2,4,8192,1024,0.017872807675197423,0.015198068199619047
mi325x,vllm,fp8,2,8,1024,1024,0.014576555010817633,0.014606424015238095
mi325x,vllm,fp8,2,8,1024,8192,0.014653133340889975,0.015389360761904763
mi325x,vllm,fp8,2,8,8192,1024,0.02537431645624448,0.01617229750857143
mi325x,vllm,fp8,2,16,1024,1024,0.016959981753483885,0.014989009139809523
mi325x,vllm,fp8,2,16,1024,8192,0.01617823065071946,0.016554882633142858
mi325x,vllm,fp8,2,16,8192,1024,0.034891952185232285,0.018120756126476192
mi325x,vllm,fp8,2,32,1024,1024,0.021203892146574758,0.01575417938895238
mi325x,vllm,fp8,2,32,1024,8192,0.019559845806540712,0.018885926375619047
mi325x,vllm,fp8,2,32,8192,1024,0.056922798447684844,0.022017673362285717
mi325x,vllm,fp8,2,64,1024,1024,0.03046819539449606,0.017284519887238094
mi325x,vllm,fp8,2,64,1024,8192,0.02755249075921745,0.023548013860571426
mi325x,vllm,fp8,2,64,8192,1024,0.10571375720097766,0.02981150783390476
mi325x,vllm,fp8,4,4,1024,1024,0.011605234699063523,0.009830971440761905
mi325x,vllm,fp8,4,4,1024,8192,0.011213040164817991,0.010026705627428573
mi325x,vllm,fp8,4,4,8192,1024,0.013753670773128494,0.010222439814095237
mi325x,vllm,fp8,4,8,1024,1024,0.013701116946871067,0.009950023436190477
mi325x,vllm,fp8,4,8,1024,8192,0.013541476144622651,0.01034149180952381
mi325x,vllm,fp8,4,8,8192,1024,0.019060941944749735,0.010732960182857144
mi325x,vllm,fp8,4,16,1024,1024,0.014518484637447704,0.01018812742704762
mi325x,vllm,fp8,4,16,1024,8192,0.011586935537860749,0.010971064173714287
mi325x,vllm,fp8,4,16,8192,1024,0.02371754286527869,0.011754000920380954
mi325x,vllm,fp8,4,32,1024,1024,0.016361159266083943,0.010664335408761905
mi325x,vllm,fp8,4,32,1024,8192,0.016059208762105905,0.012230208902095238
mi325x,vllm,fp8,4,32,8192,1024,0.035112755643902566,0.013796082395428571
mi325x,vllm,fp8,4,64,1024,1024,0.01986126662313508,0.011616751372190476
mi325x,vllm,fp8,4,64,1024,8192,0.01779099964955283,0.014748498358857142
mi325x,vllm,fp8,4,64,8192,1024,0.061099100889467885,0.017880245345523807
mi325x,vllm,fp8,8,4,1024,1024,0.008041666164488225,0.009458891434666666
mi325x,vllm,fp8,8,4,1024,8192,0.007974644210632539,0.009556758528
mi325x,vllm,fp8,8,4,8192,1024,0.009306934384965099,0.009654625621333332
mi325x,vllm,fp8,8,8,1024,1024,0.008592963327892986,0.009541823146666666
mi325x,vllm,fp8,8,8,1024,8192,0.008376929240259371,0.009737557333333332
mi325x,vllm,fp8,8,8,8192,1024,0.011754652664531984,0.009933291519999998
mi325x,vllm,fp8,8,16,1024,1024,0.009742698966035456,0.009707686570666665
mi325x,vllm,fp8,8,16,1024,8192,0.009163424714008508,0.010099154943999997
mi325x,vllm,fp8,8,16,8192,1024,0.01466703355650765,0.010490623317333332
mi325x,vllm,fp8,8,32,1024,1024,0.011680360391191014,0.010039413418666666
mi325x,vllm,fp8,8,32,1024,8192,0.010742568943990387,0.010822350165333334
mi325x,vllm,fp8,8,32,8192,1024,0.02183052465295019,0.011605286912000001
mi325x,vllm,fp8,8,64,1024,1024,0.015051258906713738,0.010702867114666665
mi325x,vllm,fp8,8,64,1024,8192,0.013591601113280252,0.012268740608
mi325x,vllm,fp8,8,64,8192,1024,0.03688358432683434,0.013834614101333331
mi355x,vllm,fp8,1,4,1024,1024,0.01624426328679461,0.019627588608
mi355x,vllm,fp8,1,4,1024,8192,0.01652379512532305,0.020214791168
mi355x,vllm,fp8,1,4,8192,1024,0.019920282552196546,0.020801993728
mi355x,vllm,fp8,1,8,1024,1024,0.01689178762234711,0.01987941888
mi355x,vllm,fp8,1,8,1024,8192,0.017262456942252487,0.021053824
mi355x,vllm,fp8,1,8,8192,1024,0.027687500622172193,0.022228229119999998
mi355x,vllm,fp8,1,16,1024,1024,0.01834825734292438,0.020383079424
mi355x,vllm,fp8,1,16,1024,8192,0.018963943289364526,0.022731889664
mi355x,vllm,fp8,1,16,8192,1024,0.029251831359972294,0.025080699903999998
mi355x,vllm,fp8,1,32,1024,1024,0.022671959974948797,0.021390400512000002
mi355x,vllm,fp8,1,32,1024,8192,0.023085819736962984,0.026088020992
mi355x,vllm,fp8,1,32,8192,1024,0.04365526780651117,0.030785641471999997
mi355x,vllm,fp8,1,64,1024,1024,0.03015725332439173,0.023405042687999998
mi355x,vllm,fp8,1,64,1024,8192,0.03020614157261938,0.032800283648
mi355x,vllm,fp8,1,64,8192,1024,0.0730664254721047,0.042195524608
mi355x,vllm,fp8,2,4,1024,1024,0.0126413855369037,0.011473299065904762
mi355x,vllm,fp8,2,4,1024,8192,0.012713485497496707,0.011766900345904762
mi355x,vllm,fp8,2,4,8192,1024,0.014838044772435369,0.012060501625904762
mi355x,vllm,fp8,2,8,1024,1024,0.01286469766032243,0.011618718963809524
mi355x,vllm,fp8,2,8,1024,8192,0.01291781041780077,0.012205921523809523
mi355x,vllm,fp8,2,8,8192,1024,0.019057760292958952,0.012793124083809523
mi355x,vllm,fp8,2,16,1024,1024,0.014033701878337263,0.011909558759619047
mi355x,vllm,fp8,2,16,1024,8192,0.014089660464807875,0.013083963879619048
mi355x,vllm,fp8,2,16,8192,1024,0.021873070618076126,0.014258368999619048
mi355x,vllm,fp8,2,32,1024,1024,0.017011964970885664,0.012491238351238096
mi355x,vllm,fp8,2,32,1024,8192,0.016600007672205267,0.014840048591238096
mi355x,vllm,fp8,2,32,8192,1024,0.03153877717777646,0.017188858831238094
mi355x,vllm,fp8,2,64,1024,1024,0.02292800862676326,0.01365459753447619
mi355x,vllm,fp8,2,64,1024,8192,0.022634043118633963,0.018352218014476188
mi355x,vllm,fp8,2,64,8192,1024,0.05321951522851058,0.023049838494476192
mi355x,vllm,fp8,4,4,1024,1024,0.009139103828548222,0.008356154294857143
mi355x,vllm,fp8,4,4,1024,8192,0.009112429637756858,0.008502954934857143
mi355x,vllm,fp8,4,4,8192,1024,0.010362461671163907,0.008649755574857143
mi355x,vllm,fp8,4,8,1024,1024,0.00958410828923701,0.008448369005714287
mi355x,vllm,fp8,4,8,1024,8192,0.009541793592533668,0.008741970285714287
mi355x,vllm,fp8,4,8,8192,1024,0.012803410819395341,0.009035571565714287
mi355x,vllm,fp8,4,16,1024,1024,0.010411625663526766,0.008632798427428572
mi355x,vllm,fp8,4,16,1024,8192,0.010354449845976318,0.009220000987428572
mi355x,vllm,fp8,4,16,8192,1024,0.01494443900483347,0.009807203547428572
mi355x,vllm,fp8,4,32,1024,1024,0.012103704858394033,0.009001657270857142
mi355x,vllm,fp8,4,32,1024,8192,0.011809309488247769,0.010176062390857143
mi355x,vllm,fp8,4,32,8192,1024,0.020937779765046287,0.011350467510857143
mi355x,vllm,fp8,4,64,1024,1024,0.015954269696535066,0.009739374957714285
mi355x,vllm,fp8,4,64,1024,8192,0.015474639450195084,0.012088185197714285
mi355x,vllm,fp8,4,64,8192,1024,0.03318338445363302,0.014436995437714286
mi355x,vllm,fp8,8,4,1024,1024,0.008597806762733032,0.008717581909333331
mi355x,vllm,fp8,8,4,1024,8192,0.008548160695903528,0.008790982229333331
mi355x,vllm,fp8,8,4,8192,1024,0.009209859567158293,0.008864382549333331
mi355x,vllm,fp8,8,8,1024,1024,0.009046459669490737,0.008783194026666667
mi355x,vllm,fp8,8,8,1024,8192,0.008899562709560598,0.008929994666666666
mi355x,vllm,fp8,8,8,8192,1024,0.010778965303777609,0.009076795306666666
mi355x,vllm,fp8,8,16,1024,1024,0.010144937188855167,0.008914418261333332
mi355x,vllm,fp8,8,16,1024,8192,0.009851270403453108,0.009208019541333332
mi355x,vllm,fp8,8,16,8192,1024,0.01329023730959989,0.009501620821333332
mi355x,vllm,fp8,8,32,1024,1024,0.01084058895379114,0.009176866730666667
mi355x,vllm,fp8,8,32,1024,8192,0.010107782013892262,0.009764069290666666
mi355x,vllm,fp8,8,32,8192,1024,0.01648648399282751,0.010351271850666666
mi355x,vllm,fp8,8,64,1024,1024,0.013608192270064646,0.009701763669333334
mi355x,vllm,fp8,8,64,1024,8192,0.012048090548437421,0.010876168789333333
mi355x,vllm,fp8,8,64,8192,1024,0.023737538277456935,0.012050573909333335
mi355x,vllm,mxfp4,1,4,1024,1024,0.013706955690855529,0.011482698048
mi355x,vllm,mxfp4,1,4,1024,8192,0.013599530366544953,0.012069900608
mi355x,vllm,mxfp4,1,4,8192,1024,0.021267843025146324,0.012657103168
mi355x,vllm,mxfp4,1,8,1024,1024,0.015920910180602862,0.01173452448
mi355x,vllm,mxfp4,1,8,1024,8192,0.014964276545220983,0.0129089296
mi355x,vllm,mxfp4,1,8,8192,1024,0.028732818541487442,0.01408333472
mi355x,vllm,mxfp4,1,16,1024,1024,0.02085500694777735,0.012238177344
mi355x,vllm,mxfp4,1,16,1024,8192,0.018226801166581277,0.014586987584
mi355x,vllm,mxfp4,1,16,8192,1024,0.029507534763807405,0.016935797824000003
mi355x,vllm,mxfp4,1,32,1024,1024,0.022947147765408724,0.013245483072
mi355x,vllm,mxfp4,1,32,1024,8192,0.02407909687359914,0.017943103552000003
mi355x,vllm,mxfp4,1,32,8192,1024,0.041622220387578276,0.022640724032
mi355x,vllm,mxfp4,1,64,1024,1024,0.028521639677498066,0.015260094528
mi355x,vllm,mxfp4,1,64,1024,8192,0.03032090719033247,0.024655335488000002
mi355x,vllm,mxfp4,1,64,8192,1024,0.06450620704469945,0.034050576448000004
mi355x,vllm,mxfp4,2,4,1024,1024,0.01050654539875494,0.007400853785904762
mi355x,vllm,mxfp4,2,4,1024,8192,0.01044294228445564,0.007694455065904763
mi355x,vllm,mxfp4,2,4,8192,1024,0.014494727643995373,0.007988056345904763
mi355x,vllm,mxfp4,2,8,1024,1024,0.011888180274224985,0.007546271763809524
mi355x,vllm,mxfp4,2,8,1024,8192,0.011384914733282125,0.008133474323809524
mi355x,vllm,mxfp4,2,8,8192,1024,0.02219237596505559,0.008720676883809524
mi355x,vllm,mxfp4,2,16,1024,1024,0.014983314285814084,0.007837107719619048
mi355x,vllm,mxfp4,2,16,1024,8192,0.013261790022967904,0.009011512839619047
mi355x,vllm,mxfp4,2,16,8192,1024,0.02262143088469217,0.010185917959619048
mi355x,vllm,mxfp4,2,32,1024,1024,0.018171893057588852,0.008418779631238094
mi355x,vllm,mxfp4,2,32,1024,8192,0.018314032637913577,0.010767589871238097
mi355x,vllm,mxfp4,2,32,8192,1024,0.030916180852422794,0.013116400111238095
mi355x,vllm,mxfp4,2,64,1024,1024,0.02322892858195791,0.00958212345447619
mi355x,vllm,mxfp4,2,64,1024,8192,0.023507186604007316,0.01427974393447619
mi355x,vllm,mxfp4,2,64,8192,1024,0.0495771664235936,0.018977364414476193
mi355x,vllm,mxfp4,4,4,1024,1024,0.008355840553576185,0.006319931654857143
mi355x,vllm,mxfp4,4,4,1024,8192,0.008315313519847734,0.006466732294857143
mi355x,vllm,mxfp4,4,4,8192,1024,0.010607447636076307,0.006613532934857143
mi355x,vllm,mxfp4,4,8,1024,1024,0.009298038411442645,0.006412145405714286
mi355x,vllm,mxfp4,4,8,1024,8192,0.0088310284395894,0.006705746685714286
mi355x,vllm,mxfp4,4,8,8192,1024,0.014914080147614042,0.006999347965714286
mi355x,vllm,mxfp4,4,16,1024,1024,0.011232541527242706,0.006596572907428572
mi355x,vllm,mxfp4,4,16,1024,8192,0.010098052712546797,0.007183775467428571
mi355x,vllm,mxfp4,4,16,8192,1024,0.016343511091513677,0.007770978027428572
mi355x,vllm,mxfp4,4,32,1024,1024,0.013462588097623842,0.006965427910857142
mi355x,vllm,mxfp4,4,32,1024,8192,0.013339925788094507,0.008139833030857142
mi355x,vllm,mxfp4,4,32,8192,1024,0.021538337246577367,0.009314238150857142
mi355x,vllm,mxfp4,4,64,1024,1024,0.016218904911825323,0.007703137917714285
mi355x,vllm,mxfp4,4,64,1024,8192,0.01589174328129231,0.010051948157714286
mi355x,vllm,mxfp4,4,64,8192,1024,0.03157089384970814,0.012400758397714286
mi355x,vllm,mxfp4,8,4,1024,1024,0.007524012213301648,0.007699470589333331
mi355x,vllm,mxfp4,8,4,1024,8192,0.007338405344635699,0.007772870909333332
mi355x,vllm,mxfp4,8,4,8192,1024,0.009028664098103305,0.007846271229333332
mi355x,vllm,mxfp4,8,8,1024,1024,0.008433878272219721,0.007765082226666667
mi355x,vllm,mxfp4,8,8,1024,8192,0.00811238654469593,0.007911882866666668
mi355x,vllm,mxfp4,8,8,8192,1024,0.011536448176228321,0.008058683506666667
mi355x,vllm,mxfp4,8,16,1024,1024,0.010140322516099896,0.007896305501333332
mi355x,vllm,mxfp4,8,16,1024,8192,0.009277349756826814,0.008189906781333332
mi355x,vllm,mxfp4,8,16,8192,1024,0.014291890115600043,0.008483508061333331
mi355x,vllm,mxfp4,8,32,1024,1024,0.012681166289426228,0.008158752050666667
mi355x,vllm,mxfp4,8,32,1024,8192,0.01220356793523595,0.008745954610666667
mi355x,vllm,mxfp4,8,32,8192,1024,0.018041378369201957,0.009333157170666666
mi355x,vllm,mxfp4,8,64,1024,1024,0.01488072505260716,0.008683645149333334
mi355x,vllm,mxfp4,8,64,1024,8192,0.01359405730768492,0.009858050269333334
mi355x,vllm,mxfp4,8,64,8192,1024,0.02470569251817986,0.011032455389333335
