# Derived from MLCommons MLPerf Inference Datacenter results (Apache-2.0); https://github.com/mlcommons
round,submitter,system,accelerator,accelerator_id,accelerators_total,weight_data_types,peak_precision,csp,tokens_per_s,measured_tokens_per_s_per_acc,bound_tokens_per_s_per_acc,ratio
5.0,AMD,QuantaGrid D74A-7U,AMD Instinct MI325X 256GB HBM3E,amd_mi325x,8,fp8,fp8,False,33928.1,4241.0125,19027.64359812836,0.22288690021591342
5.0,ASUSTeK,ASUSTeK ESC A8A-E12U (8x MI325x-256GB ),AMD Instinct MI325X 256GB HBM3E,amd_mi325x,8,Dummy,fp8,False,33366.5,4170.8125,19027.64359812836,0.21919753113361123
5.0,ASUSTeK,"ASUSTeK ESC N8 (8x H200-SXM-141GB, TensorRT)",NVIDIA H200-SXM-141GB,nvidia_h200_sxm,8,fp8,fp8,False,34807.1,4350.8875,14400.43851799152,0.30213576444662554
5.0,Cisco,"Cisco UCS C885A M8 (8x H100-SXM-80GB, TensorRT)",NVIDIA H100-SXM-80GB,nvidia_h100_sxm,8,fp8,fp8,False,30899.7,3862.4625,14400.43851799152,0.2682183945422456
5.0,Cisco,"Cisco UCS C885A M8 (8x H200-SXM-141GB, TensorRT)",NVIDIA H200-SXM-141GB,nvidia_h200_sxm,8,fp8,fp8,False,34081.1,4260.1375,14400.43851799152,0.29583387302251235
5.0,Dell,"Dell PowerEdge XE9680 (8x H100-SXM-80GB, TensorRT)",NVIDIA H100-SXM-80GB,nvidia_h100_sxm,8,fp8,fp8,False,31216.8,3902.1,14400.43851799152,0.27097091488740577
5.0,Dell,"Dell PowerEdge XE9680 (8xH200-SXM-141GBx8, TensorRT)",NVIDIA H200-SXM-141GB,nvidia_h200_sxm,8,fp8,fp8,False,34822.6,4352.825,14400.43851799152,0.3022703089605013
5.0,Dell,"Dell PowerEdge XE9680L (8x H200-SXM-141GB, TensorRT)",NVIDIA H200-SXM-141GB,nvidia_h200_sxm,8,fp8,fp8,False,34763.2,4345.4,14400.43851799152,0.3017546996621647
5.0,GigaComputing,G893-SD1,NVIDIA H200-SXM-141GB,nvidia_h200_sxm,8,fp8,fp8,False,34889.5,4361.1875,14400.43851799152,0.3028510204429712
5.0,GigaComputing,G893-ZX1-AAX2,AMD Instinct MI325X 256GB HBM3E,amd_mi325x,8,fp8,fp8,False,33251.3,4156.4125,19027.64359812836,0.2184407374757031
5.0,Google,"a3-ultragpu-8g (8x H200-SXM-141GB, TensorRT)",NVIDIA H200-SXM-141GB,nvidia_h200_sxm,8,fp8,fp8,True,34144.7,4268.0875,14400.43851799152,0.2963859395439636
5.0,HPE,"HPE Cray XD670 with Cray ClusterStor (8x H100-SXM-80GB, TensorRT)",NVIDIA H100-SXM-80GB,nvidia_h100_sxm,8,fp8,fp8,False,31174.7,3896.8375,14400.43851799152,0.27060547462713697
5.0,HPE,HPE Cray XD670 with Cray ClusterStor (8x H200-SXM-141GB),NVIDIA H200-SXM-141GB,nvidia_h200_sxm,8,fp8,fp8,False,33781.8,4222.725,14400.43851799152,0.29323586186102885
5.0,HPE,"HPE Cray XD670 with HPE GreenLake for File Storage (8x H100-SXM-80GB, TensorRT)",NVIDIA H100-SXM-80GB,nvidia_h100_sxm,8,fp8,fp8,False,31238.0,3904.75,14400.43851799152,0.27115493706122284
5.0,HPE,"HPE ProLiant Compute DL384 Gen12 (1x GH200-144GB_aarch64, TensorRT)",NVIDIA GH200 Grace Hopper Superchip 144GB,nvidia_gh200_hbm3e,1,fp8,fp8,False,4609.05,4609.05,14400.43851799152,0.3200631698987206
5.0,HPE,"HPE ProLiant Compute DL384 Gen12 (2x GH200-144GB_aarch64, TensorRT)",NVIDIA GH200 Grace Hopper Superchip 144GB,nvidia_gh200_hbm3e,2,fp8,fp8,False,9362.85,4681.425,14400.43851799152,0.32508905851381914
5.0,Lambda,"NVIDIA H200 (8x H200-SXM-141GB, TensorRT)",NVIDIA H200-SXM-141GB,nvidia_h200_sxm,8,fp8,fp8,True,35385.1,4423.1375,14400.43851799152,0.3071529727705063
5.0,Lenovo,"ThinkSystem SR675 V3 (4x H200-SXM-141GB, TensorRT)",NVIDIA H200-SXM-141GB,nvidia_h200_sxm,4,fp8,fp8,False,17654.1,4413.525,14400.43851799152,0.3064854583758585
5.0,Lenovo,"ThinkSystem SR680a V3(8x H200-SXM-141GB, TensorRT)",NVIDIA H200-SXM-141GB,nvidia_h200_sxm,8,fp8,fp8,False,35453.0,4431.625,14400.43851799152,0.30774236454419407
5.0,Lenovo,"ThinkSystem SR780a V3(8x H200-SXM-141GB, TensorRT)",NVIDIA H200-SXM-141GB,nvidia_h200_sxm,8,fp8,fp8,False,35400.2,4425.025,14400.43851799152,0.30728404516789487
5.0,MangoBoost,"MangoBoost Mi300X (32x MI300X-192GB-HBM3, LLMBoost)",AMD Instinct MI300X 192GB HBM3,amd_mi300x,32,fp8,fp8,False,103182.0,3224.4375,19027.64359812836,0.16946068405008222
5.0,NVIDIA,"HPE ProLiant Compute DL384 Gen12 (1x GH200-144GB_aarch64, TensorRT)",NVIDIA GH200 Grace Hopper Superchip 144GB,nvidia_gh200_hbm3e,1,fp8,fp8,False,4686.14,4686.14,14400.43851799152,0.32541647909855403
5.0,NVIDIA,"NVIDIA DGX B200 (1x B200-SXM-180GB, TensorRT)",NVIDIA B200-SXM-180GB,nvidia_b200,1,fp4,nvfp4,False,12269.3,12269.3,65489.61428091142,0.18734726314575642
5.0,NVIDIA,"NVIDIA DGX B200 (8x B200-SXM-180GB, TensorRT)",NVIDIA B200-SXM-180GB,nvidia_b200,8,fp4,nvfp4,False,98858.0,12357.25,65489.61428091142,0.18869022417806222
5.0,NVIDIA,"NVIDIA DGX H100 (8x H100-SXM-80GB, TensorRT)",NVIDIA H100-SXM-80GB,nvidia_h100_sxm,8,fp8,fp8,False,31306.8,3913.35,14400.43851799152,0.27175214109700657
5.0,NVIDIA,"NVIDIA H200 (8x H200-SXM-141GB, TensorRT)",NVIDIA H200-SXM-141GB,nvidia_h200_sxm,8,fp8,fp8,False,34988.2,4373.525,14400.43851799152,0.3037077651861667
5.0,NVIDIA,"NVIDIA H200 (8x H200-SXM-141GB, TensorRT, Triton)",NVIDIA H200-SXM-141GB,nvidia_h200_sxm,8,fp8,fp8,False,34300.2,4287.525,14400.43851799152,0.29773572482832944
5.0,Oracle,"NVIDIA H200 (8x H200-SXM-141GB, TensorRT)",NVIDIA H200-SXM-141GB,nvidia_h200_sxm,8,fp8,fp8,True,34556.6,4319.575,14400.43851799152,0.29996135149657
5.0,Quanta_Cloud_Technology,"QuantaGrid D54U-3U (4x H100-PCIe-80GB, TensorRT)",NVIDIA H100-PCIe-80GB,nvidia_h100_pcie,4,fp8,fp8,False,7013.17,1753.2925,11009.531823002108,0.15925223053871038
5.0,Quanta_Cloud_Technology,"QuantaGrid D74H-7U (8x H100-SXM-80GB, TensorRT)",NVIDIA H100-SXM-80GB,nvidia_h100_sxm,8,fp8,fp8,False,31083.6,3885.45,14400.43851799152,0.26981470009719655
5.0,Quanta_Cloud_Technology,"QuantaGrid S74G-2U (1x GH200-96GB_aarch64, TensorRT)",NVIDIA GH200 Grace Hopper Superchip 96GB,nvidia_gh200_hbm3,1,fp8,fp8,False,3144.18,3144.18,14400.43851799152,0.21833918432912622
5.0,Supermicro,"AS-4125GS-TNHR2-LCC (8x H200-SXM-141GB, TensorRT)",NVIDIA H200-SXM-141GB,nvidia_h200_sxm,8,fp8,fp8,False,35026.8,4378.35,14400.43851799152,0.30404282442717334
5.0,Supermicro,AS-8126GS-TNMR,AMD Instinct MI325X 256GB HBM3E,amd_mi325x,8,Dummy,fp8,False,33069.1,4133.6375,19027.64359812836,0.21724379472856017
5.0,Supermicro,"SYS-421GE-NBRT-LCC (8x B200-SXM-180GB, TensorRT)",NVIDIA B200-SXM-180GB,nvidia_b200,8,fp4,nvfp4,False,98782.4,12347.8,65489.61428091142,0.1885459264889742
5.0,Supermicro,"SYS-821GE-TNHR (8x H200-SXM-141GB, TensorRT)",NVIDIA H200-SXM-141GB,nvidia_h200_sxm,8,fp8,fp8,False,34628.3,4328.5375,14400.43851799152,0.30058372837688535
5.0,Supermicro,"SYS-A21GE-NBRT (8x B200-SXM-180GB, TensorRT)",NVIDIA B200-SXM-180GB,nvidia_b200,8,fp4,nvfp4,False,97416.9,12177.1125,65489.61428091142,0.18593959719731198
5.0,Sustainable_Metal_Cloud,"Dell PowerEdge XE9680 (8xH200-SXM-141GBx8, TensorRT)",NVIDIA H200-SXM-141GB,nvidia_h200_sxm,8,fp8,fp8,False,34264.0,4283.0,14400.43851799152,0.2974214982862456
5.0,coreweave,"NVIDIA H200 (8x H200-SXM-141GB, TensorRT)",NVIDIA H200-SXM-141GB,nvidia_h200_sxm,8,fp8,fp8,True,34403.5,4300.4375,14400.43851799152,0.29863239891112686
5.1,AMD,QuantaGrid D74A-7U,AMD Instinct MI325X 256GB HBM3e,amd_mi325x,8,fp8,fp8,False,34555.0,4319.375,19027.64359812836,0.22700525042548472
5.1,AMD,QuantaGrid D74A-7U ,AMD Instinct MI325X 256GB HBM3e,amd_mi325x,8,fp8,fp8,False,34520.4,4315.05,19027.64359812836,0.22677794955253663
5.1,AMD,Supermicro AS-8125GS-TNMR2,AMD Instinct MI300X 192GB HBM3,amd_mi300x,8,fp8,fp8,False,27803.9,3475.4875,19027.64359812836,0.18265464570409884
5.1,ASUSTeK,"ASUSTeK ESC N8 H200 (8x H200-SXM-141GB, TensorRT)",NVIDIA H200-SXM-141GB,nvidia_h200_sxm,8,fp8,fp8,False,35075.1,4384.3875,14400.43851799152,0.3044620824929924
5.1,ASUSTeK,ESC_A8A_MI325X_256GBx8,AMD Instinct MI325X 256GB HBM3e,amd_mi325x,8,fp8,fp8,False,33987.4,4248.425,19027.64359812836,0.22327646500683318
5.1,Azure,ND_GB200_v6,NVIDIA GB200,nvidia_gb200_per_gpu,4,fp4,nvfp4,True,52061.6,13015.4,72766.23808990157,0.1788659183386624
5.1,Cisco,"Cisco UCS C885A M8 (16x H200-SXM-141GB, TensorRT)",NVIDIA H200-SXM-141GB,nvidia_h200_sxm,16,fp8,fp8,False,68894.8,4305.925,14400.43851799152,0.2990134636955877
5.1,Cisco,"Cisco UCS C885A M8 (8x H200-SXM-141GB, TensorRT)",NVIDIA H200-SXM-141GB,nvidia_h200_sxm,8,fp8,fp8,False,34548.2,4318.525,14400.43851799152,0.2998884370503406
5.1,Cisco,"HPF HGX System (16xH100-SXM-80GB, TensorRT)",NVIDIA H100-SXM-80GB,nvidia_h100_sxm,16,fp8,fp8,False,62351.6,3896.975,14400.43851799152,0.2706150229474765
5.1,Cisco,"HPF HGX System (32xH100-SXM-80GB, TensorRT)",NVIDIA H100-SXM-80GB,nvidia_h100_sxm,32,fp8,fp8,False,124879.0,3902.46875,14400.43851799152,0.27099652174649824
5.1,Dell,"Dell PowerEdge XE9680 (8xH200-SXM-141GB, TensorRT)",NVIDIA H200-SXM-141GB,nvidia_h200_sxm,8,fp8,fp8,False,35316.7,4414.5875,14400.43851799152,0.30655924085120967
5.1,Dell,"Dell PowerEdge XE9680L (8x B200-SXM-180GB, TensorRT)",NVIDIA B200-SXM-180GB,nvidia_b200,8,fp4,nvfp4,False,101253.0,12656.625,65489.61428091142,0.19326155969877332
5.1,Dell,"Dell PowerEdge XE9680L (8x H200-SXM-141GB, TensorRT)",NVIDIA H200-SXM-141GB,nvidia_h200_sxm,8,fp8,fp8,False,34588.3,4323.5375,14400.43851799152,0.30023651672817386
5.1,Dell,"Dell PowerEdge XE9685L (8x B200-SXM-180GB, TensorRT)",NVIDIA B200-SXM-180GB,nvidia_b200,8,fp4,nvfp4,False,102131.0,12766.375,65489.61428091142,0.19493739793976889
5.1,Dell,Dell Poweredge XE9680,AMD Instinct MI300X 192GB HBM3,amd_mi300x,8,fp8,fp8,False,27325.9,3415.7375,19027.64359812836,0.17951447757493139
5.1,Dell_Broadcom,"Dell PowerEdge XE9680 (8x H200-SXM-141GB,VMware ESXi 9.0.0)",Virtualized NVIDIA H200-SXM-141GB,nvidia_h200_sxm,8,fp8,fp8,False,34301.9,4287.7375,14400.43851799152,0.2977504813233997
5.1,Dell_MangoBoost,Dell PowerEdge XE9680 (2x8x MI300X-192GB MangoBoost-LLMBoost),AMD Instinct MI300X 192GB HBM3,amd_mi300x,16,fp8,fp8,False,53572.2,3348.2625,19027.64359812836,0.17596832118136524
5.1,Dell_MangoBoost,Dell PowerEdge XE9680 (8x MI300X-192GB MangoBoost-LLMBoost),AMD Instinct MI300X 192GB HBM3,amd_mi300x,8,fp8,fp8,False,27678.1,3459.7625,19027.64359812836,0.1818282165186401
5.1,GigaComputing,G893-ZX1-AAX2,AMD Instinct MI325X 256GB HBM3e,amd_mi325x,8,fp8,fp8,False,34483.2,4310.4,19027.64359812836,0.22653356826717044
5.1,GigaComputing,G894-SD1,NVIDIA B200-SXM-180GB,nvidia_b200,8,fp4,nvfp4,False,98607.7,12325.9625,65489.61428091142,0.1882124766704071
5.1,Google,"NVIDIA DGX B200 (8x B200-SXM-180GB, TensorRT)",NVIDIA B200-SXM-180GB,nvidia_b200,8,fp4,nvfp4,True,78463.5,9807.9375,65489.61428091142,0.14976325036714666
5.1,Google,"NVIDIA H200 (8x H200-SXM-141GB, TensorRT)",NVIDIA H200-SXM-141GB,nvidia_h200_sxm,8,fp8,fp8,True,35043.7,4380.4625,14400.43851799152,0.3041895213487539
5.1,HPE,HPE Cray XD670 (8x H200-SXM-141GB),NVIDIA H200-SXM-141GB,nvidia_h200_sxm,8,fp8,fp8,False,34964.6,4370.575,14400.43851799152,0.30350291031342697
5.1,Lambda,"NVIDIA DGX B200 (8x B200-SXM-180GB, TensorRT)",NVIDIA B200-SXM-180GB,nvidia_b200,8,fp4,nvfp4,True,102725.0,12840.625,65489.61428091142,0.19607116549688888
5.1,Lenovo,"ThinkSystem SR680a V3 (8x B200-SXM-180GB, TensorRT)",NVIDIA B200-SXM-180GB,nvidia_b200,8,fp4,nvfp4,False,102909.0,12863.625,65489.61428091142,0.19642236622165332
5.1,MangoBoost,"MangoBoost (8x MI325X-256GB, LLMBoost)",AMD Instinct MI325X 256GB HBM3e,amd_mi325x,8,fp8,fp8,False,34454.4,4306.8,19027.64359812836,0.22634436985269343
5.1,MangoBoost,"MangoBoost Heterogeneous Cluster (4x8x MI300X-192GB, 2x8x MI325X-256GB, LLMBoost)","AMD Instinct MI300X 192GB HBM3 (x32), AMD Instinct MI325X 256GB HBM3e (x16)",amd_mi325x,48,fp8,fp8,False,169197.0,3524.9375,19027.64359812836,0.18525349614740144
5.1,MangoBoost,Supermicro AS-8125GS-TNMR2 (8x MI300X-192GB MangoBoost-LLMBoost),AMD Instinct MI300X 192GB HBM3,amd_mi300x,8,fp8,fp8,False,27854.4,3481.8,19027.64359812836,0.1829863998683728
5.1,MiTAC,G8825Z5,AMD Instinct MI325X 256GB HBM3e,amd_mi325x,8,fp8,fp8,False,33703.0,4212.875,19027.64359812836,0.22140813066387244
5.1,NVIDIA," (4x GB200-186GB_aarch64, TensorRT)",NVIDIA GB200,nvidia_gb200_per_gpu,4,fp4,nvfp4,False,51736.9,12934.225,72766.23808990157,0.1777503597756416
5.1,NVIDIA,"NVIDIA DGX B200 (8x B200-SXM-180GB, TensorRT)",NVIDIA B200-SXM-180GB,nvidia_b200,8,fp4,nvfp4,False,101527.0,12690.875,65489.61428091142,0.19378454338673776
5.1,Nebius,"Nebius B200 (8x B200-SXM-180GB, TensorRT)",NVIDIA B200-SXM-180GB,nvidia_b200,8,fp4,nvfp4,True,101246.0,12655.75,65489.61428091142,0.19324819880163555
5.1,Nebius,"Nebius GB200 (4x GB200-186GB_aarch64, TensorRT)",NVIDIA GB200,nvidia_gb200_per_gpu,4,fp4,nvfp4,True,49683.5,12420.875,72766.23808990157,0.170695577042944
5.1,Nebius,"Nebius H200 (8x H200-SXM-141GB, TensorRT)",NVIDIA H200-SXM-141GB,nvidia_h200_sxm,8,fp8,fp8,True,34812.1,4351.5125,14400.43851799152,0.3021791659027145
5.1,Quanta_Cloud_Technology,D75T-7U_8xMI325X,AMD Instinct MI325X 256GB HBM3e,amd_mi325x,8,fp8,fp8,False,32760.5,4095.0625,19027.64359812836,0.21521648116232361
5.1,Quanta_Cloud_Technology,"QuantaGrid D74H-7U (8x H200-SXM-141GB, TensorRT)",NVIDIA H200-SXM-141GB,nvidia_h200_sxm,8,fp8,fp8,False,35091.5,4386.4375,14400.43851799152,0.30460443926896413
5.1,Supermicro,"AS-4126GS-NBR-LCC (8x B200-SXM-180GB, TensorRT)",NVIDIA B200-SXM-180GB,nvidia_b200,8,fp4,nvfp4,False,101516.0,12689.5,65489.61428091142,0.19376354769123555
5.1,Supermicro,AS-8126GS-TNMR (8x MI325X),AMD Instinct MI325X 256GB HBM3e,amd_mi325x,8,fp8,fp8,False,33468.4,4183.55,19027.64359812836,0.2198669519126116
5.1,Supermicro,"SYS-422GA-NBRT-LCC (8x B200-SXM-180GB, TensorRT)",NVIDIA B200-SXM-180GB,nvidia_b200,8,fp4,nvfp4,False,101859.0,12732.375,65489.61428091142,0.19441823165098665
5.1,Supermicro,"SYS-422GS-NBRT-LCC (8x B200-SXM-180GB, TensorRT)",NVIDIA B200-SXM-180GB,nvidia_b200,8,fp4,nvfp4,False,102498.0,12812.25,65489.61428091142,0.19563789068970666
5.1,Supermicro,"SYS-A21GE-NBRT (8x B200-SXM-180GB, TensorRT)",NVIDIA B200-SXM-180GB,nvidia_b200,8,fp4,nvfp4,False,101359.0,12669.875,65489.61428091142,0.1934638818554311
5.1,Supermicro_MangoBoost,Supermicro AS-8126GS-TNMR (2x8x MI325X-256GB MangoBoost-LLMBoost),AMD Instinct MI325X 256GB HBM3e,amd_mi325x,16,fp8,fp8,False,65320.1,4082.50625,19027.64359812836,0.21455658599794103
5.1,Supermicro_MangoBoost,Supermicro AS-8126GS-TNMR (2x8x MI325X-256GB MangoBoost-LLMBoost) and Supermicro AS-8125GS-TNMR2 (1x8x MI300X-192GB MangoBoost-LLMBoost),"AMD Instinct MI325X 256GB HBM3E (x16), AMD Instinct MI300X 192GB HBM3 (x8)",amd_mi325x,24,fp8,fp8,False,92158.2,3839.9249999999997,19027.64359812836,0.20180770047520288
5.1,Vultr,Supermicro AS -8126GS-TNMR (8x MI325X),AMD Instinct MI325X 256GB HBM3e,amd_mi325x,8,fp8,fp8,True,33762.5,4220.3125,19027.64359812836,0.22179900933267047
6.0,AMD,AMD MI355X Custom Cluster,AMD Instinct MI355X 288GB HBM3e (x87),amd_mi355x,88,fp4,nvfp4,False,1042110.0,11842.15909090909,73246.49526129493,0.16167543646510482
6.0,AMD,smci355-ccs-aus-m09-17 (AS -4126GS-NMR-LCC),AMD Instinct MI355X 288GB HBM3e,amd_mi355x,8,fp4,nvfp4,False,103480.0,12935.0,73246.49526129493,0.17659548015036755
6.0,Dell,PowerEdge XE9680 (8x MI300X),AMD Instinct MI300X 192GB HBM3,amd_mi300x,8,fp8,fp8,False,27072.5,3384.0625,19027.64359812836,0.17784979430310913
6.0,Dell,PowerEdge XE9785L (8x MI355X),AMD Instinct MI355X 288GB HBM3e,amd_mi355x,8,fp4,nvfp4,False,100008.0,12501.0,73246.49526129493,0.1706702819760143
6.0,Dell_MangoBoost,"Dell_MangoBoost Heterogeneous Cluster (8x MI300X + 8x MI325X + 8x MI355X, LLMBoost)",AMD Instinct MI300X 192GB HBM3 (x8) and AMD Instinct MI325X 256GB HBM3e (x8) and AMD Instinct MI355X 288GB HBM3e (x8),amd_mi355x,24,fp8,fp8,False,151843.0,6326.791666666667,36624.70295540926,0.17274656600954727
6.0,Dell_MangoBoost,PowerEdge XE9785,AMD Instinct MI355X 288GB HBM3e,amd_mi355x,8,fp8,fp8,False,97535.1,12191.8875,36624.70295540926,0.3328870001988461
6.0,Dell_MangoBoost,PowerEdge XE9785 (MI355X Power Cap 1000W),AMD Instinct MI355X 288GB HBM3e (Power Cap 1000 W),amd_mi355x,8,fp8,fp8,False,81870.5,10233.8125,36624.70295540926,0.2794237679540968
6.0,GigaComputing,G893-ZX1-AAX4,AMD Instinct MI355X 288GB HBM3e,amd_mi355x,8,fp4,nvfp4,False,100310.0,12538.75,73246.49526129493,0.17118566499694018
6.0,HPE,"HPE ProLiant Compute XD685 (8x AMD Instinct MI355X 288GB, vLLM)",AMD Instinct MI355X 288GB HBM3e,amd_mi355x,8,fp4,nvfp4,False,100019.0,12502.375,73246.49526129493,0.17068905420525332
6.0,HPE,"HPE ProLiant Compute XD685 (8x NVIDIA B200 180GB, TensorRT)",NVIDIA B200-SXM-180GB,nvidia_b200,8,fp4,nvfp4,False,103954.0,12994.25,65489.61428091142,0.19841695729436443
6.0,MangoBoost,"MangoBoost Mi300X (8x MI300X, LLMBoost)",AMD Instinct MI300X 192GB HBM3,amd_mi300x,8,fp8,fp8,False,27598.7,3449.8375,19027.64359812836,0.18130660700094994
6.0,MangoBoost,"MangoBoost Mi325X (8x MI325X, LLMBoost)",AMD Instinct MI325X 256GB HBM3e,amd_mi325x,8,fp8,fp8,False,33880.4,4235.05,19027.64359812836,0.22257354034193585
6.0,NVIDIA,"NVIDIA GB200 NVL72 (72x GB200-186GB_aarch64, TensorRT)",NVIDIA GB200,nvidia_gb200_per_gpu,72,fp4,nvfp4,False,888054.0,12334.083333333334,72766.23808990157,0.16950283066845867
6.0,ORACLE,BM.GPU.MI355X.8,AMD Instinct MI355X 288GB HBM3e,amd_mi355x,8,fp4,nvfp4,True,99874.3,12484.2875,73246.49526129493,0.17044211406244544
6.0,Supermicro,QuantaGrid D74A-7U,AMD Instinct MI355X 288GB HBM3e,amd_mi355x,8,fp4,nvfp4,False,100754.0,12594.25,73246.49526129493,0.1719433804316789
6.0,Supermicro,"SYS-822GS-NBRT (8x B200-SXM-180GB, TensorRT)",NVIDIA B200-SXM-180GB,nvidia_b200,8,fp4,nvfp4,False,101595.0,12699.375,65489.61428091142,0.19391433495893332
